item_a,item_b,template,score_single_a,score_single_b,score_group_a,score_group_b,score_ppl_a,score_ppl_b
red,blue,Option A: {A}. Option B: {B}. Selected:,0.0,0.0,0.0,0.0,-28.921875,-32.9375
red,green,Option A: {A}. Option B: {B}. Selected:,0.0,0.0,0.0,0.0,-29.046875,-34.53125
red,yellow,Option A: {A}. Option B: {B}. Selected:,0.0,0.0,0.0,0.0,-29.28125,-30.265625
red,purple,Option A: {A}. Option B: {B}. Selected:,0.0,0.0,0.0,0.0,-29.265625,-25.8125
blue,red,Option A: {A}. Option B: {B}. Selected:,0.0,0.0,0.0,0.0,-23.953125,-31.8125
blue,green,Option A: {A}. Option B: {B}. Selected:,0.0,0.0,0.0,0.0,-24.4375,-32.25
blue,yellow,Option A: {A}. Option B: {B}. Selected:,0.0,0.0,0.0,0.0,-24.3125,-27.453125
blue,purple,Option A: {A}. Option B: {B}. Selected:,0.0,0.0,0.0,0.0,-23.5625,-23.875
green,red,Option A: {A}. Option B: {B}. Selected:,0.0,0.0,0.0,0.0,-26.53125,-34.0625
green,blue,Option A: {A}. Option B: {B}. Selected:,0.0,0.0,0.0,0.0,-25.9375,-30.8125
green,yellow,Option A: {A}. Option B: {B}. Selected:,0.0,0.0,0.0,0.0,-26.65625,-29.078125
green,purple,Option A: {A}. Option B: {B}. Selected:,0.0,0.0,0.0,0.0,-25.125,-25.796875
yellow,red,Option A: {A}. Option B: {B}. Selected:,0.0,0.0,0.0,0.0,-22.640625,-32.4375
yellow,blue,Option A: {A}. Option B: {B}. Selected:,0.0,0.0,0.0,0.0,-22.65625,-31.625
yellow,green,Option A: {A}. Option B: {B}. Selected:,0.0,0.0,0.0,0.0,-22.46875,-32.5625
yellow,purple,Option A: {A}. Option B: {B}. Selected:,0.0,0.0,0.0,0.0,-22.953125,-25.5625
purple,red,Option A: {A}. Option B: {B}. Selected:,0.0,0.0,0.0,0.0,-21.828125,-31.9375
purple,blue,Option A: {A}. Option B: {B}. Selected:,0.0,0.0,0.0,0.0,-21.296875,-28.15625
purple,green,Option A: {A}. Option B: {B}. Selected:,0.0,0.0,0.0,0.0,-21.671875,-30.96875
purple,yellow,Option A: {A}. Option B: {B}. Selected:,0.0,0.0,0.0,0.0,-21.484375,-27.015625
red,blue,Choice: {A} or {B}? Answer:,6.377696990966797e-05,4.410743713378906e-06,0.19015800952911377,0.00017064809799194336,-9.6640625,-12.3359375
red,green,Choice: {A} or {B}? Answer:,7.873773574829102e-05,2.7179718017578125e-05,0.12152361869812012,0.0013287663459777832,-9.453125,-10.515625
red,yellow,Choice: {A} or {B}? Answer:,5.0961971282958984e-05,1.996755599975586e-05,0.23851585388183594,0.00022429227828979492,-9.8828125,-10.8203125
red,purple,Choice: {A} or {B}? Answer:,7.933378219604492e-05,8.851289749145508e-05,0.1626775860786438,0.0006759166717529297,-9.4453125,-9.3359375
blue,red,Choice: {A} or {B}? Answer:,0.00177001953125,3.5762786865234375e-07,0.24709177017211914,0.00013911724090576172,-6.3359375,-14.7734375
blue,green,Choice: {A} or {B}? Answer:,0.0010538101196289062,2.384185791015625e-07,0.10189938545227051,1.2040138244628906e-05,-6.85546875,-15.3125
blue,yellow,Choice: {A} or {B}? Answer:,0.0015745162963867188,2.7120113372802734e-05,0.15267348289489746,0.00018447637557983398,-6.453125,-10.515625
blue,purple,Choice: {A} or {B}? Answer:,0.0006890296936035156,1.6987323760986328e-05,0.05462294816970825,0.00012826919555664062,-7.28125,-10.984375
green,red,Choice: {A} or {B}? Answer:,0.0020904541015625,2.384185791015625e-07,0.32323020696640015,0.00013715028762817383,-6.171875,-15.15625
green,blue,Choice: {A} or {B}? Answer:,0.00032782554626464844,8.881092071533203e-06,0.02430063486099243,0.0010145902633666992,-8.0234375,-11.6328125
green,yellow,Choice: {A} or {B}? Answer:,0.0018415451049804688,9.5367431640625e-07,0.2751624584197998,1.728534698486328e-05,-6.296875,-13.8359375
green,purple,Choice: {A} or {B}? Answer:,0.0014848709106445312,1.7881393432617188e-07,0.27205967903137207,2.086162567138672e-06,-6.51171875,-15.453125
yellow,red,Choice: {A} or {B}? Answer:,0.0019683837890625,1.1324882507324219e-06,0.019336700439453125,0.0006715655326843262,-6.23046875,-13.6796875
yellow,blue,Choice: {A} or {B}? Answer:,0.0026912689208984375,1.5020370483398438e-05,0.01875537633895874,0.0006000995635986328,-5.91796875,-11.1015625
yellow,green,Choice: {A} or {B}? Answer:,0.003047943115234375,3.0994415283203125e-06,0.02990734577178955,0.0004323720932006836,-5.79296875,-12.6875
yellow,purple,Choice: {A} or {B}? Answer:,0.0005326271057128906,2.777576446533203e-05,0.010945916175842285,0.0005499720573425293,-7.5390625,-10.4921875
purple,red,Choice: {A} or {B}? Answer:,0.0055389404296875,4.76837158203125e-06,0.05904960632324219,0.0022575855255126953,-5.1953125,-12.2578125
purple,blue,Choice: {A} or {B}? Answer:,0.00014829635620117188,8.851289749145508e-05,0.0013985037803649902,0.007616579532623291,-8.8203125,-9.3359375
purple,green,Choice: {A} or {B}? Answer:,0.00604248046875,8.285045623779297e-06,0.07490301132202148,0.0008987784385681152,-5.109375,-11.703125
purple,yellow,Choice: {A} or {B}? Answer:,0.0014009475708007812,5.841255187988281e-06,0.059357643127441406,0.00021338462829589844,-6.5703125,-12.0546875
red,blue,"Pick one: {A}, {B}. Result:",7.849931716918945e-05,0.0019016265869140625,0.40278857946395874,0.44759780168533325,-9.453125,-6.265625
red,green,"Pick one: {A}, {B}. Result:",0.00010830163955688477,0.0031642913818359375,0.33543550968170166,0.46208930015563965,-9.1328125,-5.75390625
red,yellow,"Pick one: {A}, {B}. Result:",2.8073787689208984e-05,0.002910614013671875,0.5477882623672485,0.04193997383117676,-10.4765625,-5.83984375
red,purple,"Pick one: {A}, {B}. Result:",5.40614128112793e-05,0.00624847412109375,0.11126017570495605,0.09513664245605469,-9.828125,-5.07421875
blue,red,"Pick one: {A}, {B}. Result:",0.00287628173828125,3.6776065826416016e-05,0.5818673372268677,0.2197633981704712,-5.8515625,-10.2109375
blue,green,"Pick one: {A}, {B}. Result:",0.0012388229370117188,0.0014257431030273438,0.2650046944618225,0.1294487714767456,-6.6953125,-6.5546875
blue,yellow,"Pick one: {A}, {B}. Result:",0.0020084381103515625,0.0058135986328125,0.197148859500885,0.061510443687438965,-6.2109375,-5.1484375
blue,purple,"Pick one: {A}, {B}. Result:",0.000850677490234375,0.0043182373046875,0.05306917428970337,0.04948234558105469,-7.0703125,-5.4453125
green,red,"Pick one: {A}, {B}. Result:",0.00238037109375,2.372264862060547e-05,0.7333433032035828,0.0771263837814331,-6.0390625,-10.6484375
green,blue,"Pick one: {A}, {B}. Result:",0.00023102760314941406,0.0014600753784179688,0.045474231243133545,0.5136993527412415,-8.375,-6.52734375
green,yellow,"Pick one: {A}, {B}. Result:",0.0008363723754882812,0.0021038055419921875,0.26046913862228394,0.026228606700897217,-7.0859375,-6.1640625
green,purple,"Pick one: {A}, {B}. Result:",0.0015592575073242188,0.007099151611328125,0.12811779975891113,0.09711265563964844,-6.46484375,-4.94921875
yellow,red,"Pick one: {A}, {B}. Result:",0.0021114349365234375,2.205371856689453e-05,0.07318592071533203,0.724951982498169,-6.16015625,-10.71875
yellow,blue,"Pick one: {A}, {B}. Result:",0.00923919677734375,0.00290679931640625,0.11844611167907715,0.3259156346321106,-4.68359375,-5.83984375
yellow,green,"Pick one: {A}, {B}. Result:",0.007778167724609375,0.0007462501525878906,0.1383533477783203,0.12591713666915894,-4.85546875,-7.19921875
yellow,purple,"Pick one: {A}, {B}. Result:",0.0020427703857421875,0.0091552734375,0.08955574035644531,0.5237617492675781,-6.1953125,-4.6953125
purple,red,"Pick one: {A}, {B}. Result:",0.0005183219909667969,5.054473876953125e-05,0.02190685272216797,0.8719990849494934,-7.56640625,-9.890625
purple,blue,"Pick one: {A}, {B}. Result:",0.0005435943603515625,0.0031261444091796875,0.011137962341308594,0.5856767892837524,-7.51953125,-5.76953125
purple,green,"Pick one: {A}, {B}. Result:",0.003696441650390625,0.00311279296875,0.26190948486328125,0.49421417713165283,-5.6015625,-5.7734375
purple,yellow,"Pick one: {A}, {B}. Result:",0.002166748046875,0.000640869140625,0.7301979064941406,0.05861008167266846,-6.1328125,-7.3515625
red,blue,"Candidates: {A}, {B}. Chosen:",0.0,1.1920928955078125e-07,3.516674041748047e-06,4.172325134277344e-06,-19.484375,-16.203125
red,green,"Candidates: {A}, {B}. Chosen:",0.0,0.0,3.516674041748047e-06,1.7881393432617188e-07,-18.71875,-17.609375
red,yellow,"Candidates: {A}, {B}. Chosen:",0.0,5.960464477539063e-08,1.8477439880371094e-06,1.1920928955078125e-07,-19.375,-16.609375
red,purple,"Candidates: {A}, {B}. Chosen:",0.0,1.7881393432617188e-07,4.172325134277344e-07,4.76837158203125e-07,-20.546875,-15.703125
blue,red,"Candidates: {A}, {B}. Chosen:",2.384185791015625e-07,0.0,5.900859832763672e-06,8.344650268554688e-07,-15.328125,-20.703125
blue,green,"Candidates: {A}, {B}. Chosen:",2.980232238769531e-07,0.0,1.3530254364013672e-05,5.960464477539063e-08,-15.09375,-19.109375
blue,yellow,"Candidates: {A}, {B}. Chosen:",1.1920928955078125e-07,0.0,2.9206275939941406e-06,0.0,-16.09375,-17.5625
blue,purple,"Candidates: {A}, {B}. Chosen:",4.172325134277344e-07,1.1920928955078125e-07,1.1205673217773438e-05,4.172325134277344e-07,-14.703125,-16.171875
green,red,"Candidates: {A}, {B}. Chosen:",5.960464477539063e-08,0.0,5.364418029785156e-07,1.1920928955078125e-07,-16.421875,-22.1875
green,blue,"Candidates: {A}, {B}. Chosen:",5.960464477539063e-08,0.0,1.0132789611816406e-06,7.152557373046875e-07,-16.234375,-18.34375
green,yellow,"Candidates: {A}, {B}. Chosen:",0.0,0.0,1.1920928955078125e-07,0.0,-17.875,-17.953125
green,purple,"Candidates: {A}, {B}. Chosen:",5.960464477539063e-08,0.0,4.172325134277344e-07,5.960464477539063e-08,-17.046875,-18.09375
yellow,red,"Candidates: {A}, {B}. Chosen:",1.0728836059570312e-06,0.0,1.430511474609375e-06,1.7881393432617188e-07,-13.71875,-21.375
yellow,blue,"Candidates: {A}, {B}. Chosen:",7.748603820800781e-07,0.0,1.3113021850585938e-06,4.172325134277344e-07,-14.109375,-18.15625
yellow,green,"Candidates: {A}, {B}. Chosen:",6.556510925292969e-07,0.0,9.5367431640625e-07,0.0,-14.21875,-21.6875
yellow,purple,"Candidates: {A}, {B}. Chosen:",1.1920928955078125e-07,0.0,2.384185791015625e-07,0.0,-16.0,-18.5
purple,red,"Candidates: {A}, {B}. Chosen:",2.980232238769531e-07,0.0,7.152557373046875e-07,3.5762786865234375e-07,-15.015625,-20.84375
purple,blue,"Candidates: {A}, {B}. Chosen:",4.172325134277344e-07,0.0,1.6093254089355469e-06,8.940696716308594e-07,-14.71875,-17.578125
purple,green,"Candidates: {A}, {B}. Chosen:",2.384185791015625e-07,0.0,1.3709068298339844e-06,0.0,-15.15625,-22.0625
purple,yellow,"Candidates: {A}, {B}. Chosen:",1.1920928955078125e-07,0.0,5.960464477539062e-07,0.0,-15.8125,-19.84375
red,blue,Task: Select {A} or {B}. Output:,4.589557647705078e-06,1.7881393432617188e-07,1.000077247619629,2.3126602172851562e-05,-12.2890625,-15.5703125
red,green,Task: Select {A} or {B}. Output:,7.62939453125e-06,7.152557373046875e-07,0.9990426898002625,0.000600278377532959,-11.7890625,-14.1328125
red,yellow,Task: Select {A} or {B}. Output:,8.344650268554688e-07,7.152557373046875e-07,0.9997454285621643,3.93986701965332e-05,-13.984375,-14.15625
red,purple,Task: Select {A} or {B}. Output:,4.470348358154297e-06,1.3709068298339844e-06,0.9995813369750977,6.961822509765625e-05,-12.3125,-13.515625
blue,red,Task: Select {A} or {B}. Output:,0.002048492431640625,3.5762786865234375e-07,0.9966846704483032,0.0020998716354370117,-6.19140625,-14.90625
blue,green,Task: Select {A} or {B}. Output:,0.0020275115966796875,2.384185791015625e-06,0.9917314052581787,0.006080210208892822,-6.19921875,-12.953125
blue,yellow,Task: Select {A} or {B}. Output:,0.000980377197265625,7.921457290649414e-05,0.9918066263198853,0.006274998188018799,-6.9296875,-9.4453125
blue,purple,Task: Select {A} or {B}. Output:,0.0010967254638671875,2.8312206268310547e-05,0.9939422607421875,0.002958357334136963,-6.81640625,-10.46875
green,red,Task: Select {A} or {B}. Output:,0.0002123117446899414,1.1920928955078125e-07,0.9996418356895447,0.00029915571212768555,-8.4609375,-15.9609375
green,blue,Task: Select {A} or {B}. Output:,0.00021564960479736328,1.430511474609375e-06,0.9985968470573425,0.0006538629531860352,-8.4453125,-13.4765625
green,yellow,Task: Select {A} or {B}. Output:,0.00012695789337158203,6.496906280517578e-06,0.9986644983291626,0.00039577484130859375,-8.96875,-11.9375
green,purple,Task: Select {A} or {B}. Output:,0.00027632713317871094,5.960464477539062e-07,0.9989221096038818,1.728534698486328e-05,-8.1953125,-14.3046875
yellow,red,Task: Select {A} or {B}. Output:,0.0005598068237304688,1.7881393432617188e-07,0.9862003326416016,0.013364195823669434,-7.48828125,-15.578125
yellow,blue,Task: Select {A} or {B}. Output:,0.0013666152954101562,3.933906555175781e-06,0.991887092590332,0.006654977798461914,-6.59375,-12.4375
yellow,green,Task: Select {A} or {B}. Output:,0.0007119178771972656,2.384185791015625e-07,0.9927144050598145,0.006447970867156982,-7.24609375,-15.265625
yellow,purple,Task: Select {A} or {B}. Output:,0.00034737586975097656,4.708766937255859e-06,0.9931948184967041,0.005134224891662598,-7.96484375,-12.265625
purple,red,Task: Select {A} or {B}. Output:,0.0008063316345214844,4.76837158203125e-07,0.9949698448181152,0.00443422794342041,-7.12109375,-14.609375
purple,blue,Task: Select {A} or {B}. Output:,0.0006518363952636719,3.790855407714844e-05,0.9532637596130371,0.0453914999961853,-7.3359375,-10.1796875
purple,green,Task: Select {A} or {B}. Output:,0.00044083595275878906,4.172325134277344e-07,0.998485803604126,0.0007631778717041016,-7.7265625,-14.7109375
purple,yellow,Task: Select {A} or {B}. Output:,0.00018453598022460938,7.748603820800781e-07,0.9986495971679688,0.0008345842361450195,-8.6015625,-14.0390625
red,blue,Please choose between {A} and {B}. Choice:,1.6093254089355469e-06,2.771615982055664e-05,0.022963404655456543,0.016421079635620117,-13.3515625,-10.4921875
red,green,Please choose between {A} and {B}. Choice:,8.344650268554688e-07,3.075599670410156e-05,0.008674800395965576,0.22730237245559692,-13.984375,-10.390625
red,yellow,Please choose between {A} and {B}. Choice:,7.152557373046875e-07,5.310773849487305e-05,0.06397014856338501,0.038645923137664795,-14.125,-9.84375
red,purple,Please choose between {A} and {B}. Choice:,2.384185791015625e-07,7.31348991394043e-05,0.0018573403358459473,0.038391947746276855,-15.2421875,-9.5234375
blue,red,Please choose between {A} and {B}. Choice:,4.088878631591797e-05,1.1920928955078125e-07,0.06352740526199341,0.0032473206520080566,-10.1015625,-15.7578125
blue,green,Please choose between {A} and {B}. Choice:,3.933906555175781e-06,2.3245811462402344e-06,0.003968954086303711,0.030056893825531006,-12.4453125,-12.9765625
blue,yellow,Please choose between {A} and {B}. Choice:,5.304813385009766e-06,4.589557647705078e-05,0.008906364440917969,0.025690197944641113,-12.1484375,-9.9921875
blue,purple,Please choose between {A} and {B}. Choice:,3.159046173095703e-06,2.4557113647460938e-05,0.002367675304412842,0.010190188884735107,-12.6640625,-10.6171875
green,red,Please choose between {A} and {B}. Choice:,1.436471939086914e-05,2.384185791015625e-07,0.22491466999053955,0.005208790302276611,-11.1484375,-15.1953125
green,blue,Please choose between {A} and {B}. Choice:,4.76837158203125e-07,2.0205974578857422e-05,0.0042934417724609375,0.05325675010681152,-14.5625,-10.8125
green,yellow,Please choose between {A} and {B}. Choice:,5.304813385009766e-06,4.655122756958008e-05,0.15249508619308472,0.023579776287078857,-12.1484375,-9.9765625
green,purple,Please choose between {A} and {B}. Choice:,3.3974647521972656e-06,1.7344951629638672e-05,0.041609346866607666,0.01363307237625122,-12.5859375,-10.9609375
yellow,red,Please choose between {A} and {B}. Choice:,3.927946090698242e-05,5.364418029785156e-07,0.02646547555923462,0.06567728519439697,-10.140625,-14.4375
yellow,blue,Please choose between {A} and {B}. Choice:,7.987022399902344e-06,2.962350845336914e-05,0.0011944770812988281,0.0768883228302002,-11.7421875,-10.4296875
yellow,green,Please choose between {A} and {B}. Choice:,1.0311603546142578e-05,1.0132789611816406e-05,0.0021904706954956055,0.24578678607940674,-11.484375,-11.5
yellow,purple,Please choose between {A} and {B}. Choice:,1.7881393432617188e-06,5.1975250244140625e-05,0.0008221268653869629,0.1736103892326355,-13.2421875,-9.8671875
purple,red,Please choose between {A} and {B}. Choice:,3.49879264831543e-05,1.7881393432617188e-07,0.09293007850646973,0.022920191287994385,-10.2578125,-15.3828125
purple,blue,Please choose between {A} and {B}. Choice:,1.1920928955078125e-06,9.47713851928711e-06,0.0004500150680541992,0.06582355499267578,-13.625,-11.5625
purple,green,Please choose between {A} and {B}. Choice:,1.2814998626708984e-05,1.7285346984863281e-06,0.021639704704284668,0.03702902793884277,-11.265625,-13.265625
purple,yellow,Please choose between {A} and {B}. Choice:,8.702278137207031e-06,3.874301910400391e-06,0.08402246236801147,0.014411687850952148,-11.6484375,-12.4609375
red,blue,A or B? {A} vs {B} ->,0.0,0.0,7.748603820800781e-07,0.0,-24.546875,-31.03125
red,green,A or B? {A} vs {B} ->,0.0,0.0,4.76837158203125e-07,0.0,-24.21875,-32.03125
red,yellow,A or B? {A} vs {B} ->,0.0,0.0,2.980232238769531e-07,0.0,-25.703125,-30.0625
red,purple,A or B? {A} vs {B} ->,0.0,0.0,1.7285346984863281e-06,0.0,-23.640625,-29.5625
blue,red,A or B? {A} vs {B} ->,0.0,0.0,1.7881393432617188e-07,0.0,-21.234375,-32.21875
blue,green,A or B? {A} vs {B} ->,0.0,0.0,1.1920928955078125e-07,0.0,-20.046875,-29.953125
blue,yellow,A or B? {A} vs {B} ->,0.0,0.0,2.1457672119140625e-06,0.0,-19.53125,-27.578125
blue,purple,A or B? {A} vs {B} ->,0.0,0.0,7.748603820800781e-07,0.0,-18.390625,-28.828125
green,red,A or B? {A} vs {B} ->,0.0,0.0,1.7881393432617188e-07,0.0,-20.78125,-34.0625
green,blue,A or B? {A} vs {B} ->,0.0,0.0,3.5762786865234375e-07,0.0,-19.984375,-30.546875
green,yellow,A or B? {A} vs {B} ->,0.0,0.0,0.0,0.0,-21.828125,-30.625
green,purple,A or B? {A} vs {B} ->,0.0,0.0,1.7881393432617188e-07,0.0,-20.453125,-31.15625
yellow,red,A or B? {A} vs {B} ->,0.0,0.0,2.384185791015625e-07,0.0,-18.828125,-31.890625
yellow,blue,A or B? {A} vs {B} ->,5.960464477539063e-08,0.0,9.119510650634766e-06,0.0,-16.671875,-27.265625
yellow,green,A or B? {A} vs {B} ->,0.0,0.0,5.960464477539063e-08,0.0,-18.3125,-30.171875
yellow,purple,A or B? {A} vs {B} ->,0.0,0.0,7.748603820800781e-07,0.0,-17.890625,-29.578125
purple,red,A or B? {A} vs {B} ->,0.0,0.0,1.4901161193847656e-06,0.0,-17.890625,-32.40625
purple,blue,A or B? {A} vs {B} ->,5.960464477539063e-08,0.0,1.1920928955078125e-06,0.0,-17.046875,-27.3125
purple,green,A or B? {A} vs {B} ->,0.0,0.0,6.556510925292969e-07,0.0,-17.96875,-29.453125
purple,yellow,A or B? {A} vs {B} ->,0.0,0.0,1.1324882507324219e-06,0.0,-17.84375,-29.09375
red,blue,Which is preferred: {A} or {B}? Answer:,0.0,0.0,8.106231689453125e-06,0.0,-20.296875,-25.4375
red,green,Which is preferred: {A} or {B}? Answer:,0.0,0.0,4.285573959350586e-05,0.0,-19.125,-26.640625
red,yellow,Which is preferred: {A} or {B}? Answer:,0.0,0.0,2.0205974578857422e-05,5.960464477539063e-08,-19.734375,-22.953125
red,purple,Which is preferred: {A} or {B}? Answer:,0.0,0.0,1.8298625946044922e-05,0.0,-19.671875,-25.59375
blue,red,Which is preferred: {A} or {B}? Answer:,0.0,0.0,1.9073486328125e-06,5.960464477539063e-08,-18.671875,-24.6875
blue,green,Which is preferred: {A} or {B}? Answer:,0.0,0.0,5.125999450683594e-06,0.0,-17.84375,-26.625
blue,yellow,Which is preferred: {A} or {B}? Answer:,0.0,0.0,3.933906555175781e-06,5.960464477539063e-08,-17.96875,-22.203125
blue,purple,Which is preferred: {A} or {B}? Answer:,0.0,0.0,5.304813385009766e-06,0.0,-17.875,-25.84375
green,red,Which is preferred: {A} or {B}? Answer:,0.0,0.0,8.672475814819336e-05,5.364418029785156e-07,-17.625,-23.515625
green,blue,Which is preferred: {A} or {B}? Answer:,0.0,0.0,1.811981201171875e-05,5.960464477539063e-08,-18.546875,-23.71875
green,yellow,Which is preferred: {A} or {B}? Answer:,0.0,0.0,5.131959915161133e-05,2.384185791015625e-07,-17.765625,-20.5
green,purple,Which is preferred: {A} or {B}? Answer:,0.0,0.0,4.7206878662109375e-05,5.960464477539063e-08,-17.78125,-25.03125
yellow,red,Which is preferred: {A} or {B}? Answer:,2.980232238769531e-07,0.0,0.00010907649993896484,3.5762786865234375e-07,-14.9453125,-23.78125
yellow,blue,Which is preferred: {A} or {B}? Answer:,3.5762786865234375e-07,0.0,7.236003875732422e-05,0.0,-14.875,-23.734375
yellow,green,Which is preferred: {A} or {B}? Answer:,7.152557373046875e-07,0.0,0.00017762184143066406,0.0,-14.140625,-25.796875
yellow,purple,Which is preferred: {A} or {B}? Answer:,3.5762786865234375e-07,0.0,9.316205978393555e-05,5.960464477539063e-08,-14.796875,-24.90625
purple,red,Which is preferred: {A} or {B}? Answer:,0.0,0.0,3.516674041748047e-06,1.1920928955078125e-07,-20.15625,-24.03125
purple,blue,Which is preferred: {A} or {B}? Answer:,0.0,0.0,1.5497207641601562e-06,1.7881393432617188e-07,-20.9375,-21.171875
purple,green,Which is preferred: {A} or {B}? Answer:,0.0,0.0,5.125999450683594e-06,0.0,-19.734375,-25.484375
purple,yellow,Which is preferred: {A} or {B}? Answer:,0.0,0.0,7.450580596923828e-06,1.7881393432617188e-07,-19.546875,-21.015625
red,blue,Vote: {A} or {B}. Result:,1.7881393432617188e-07,1.7881393432617188e-07,7.224082946777344e-05,6.198883056640625e-06,-15.7109375,-15.3828125
red,green,Vote: {A} or {B}. Result:,0.0,1.7881393432617188e-07,1.8477439880371094e-06,3.516674041748047e-06,-18.53125,-15.640625
red,yellow,Vote: {A} or {B}. Result:,0.0,5.960464477539062e-07,1.3113021850585938e-06,2.205371856689453e-06,-19.109375,-14.34375
red,purple,Vote: {A} or {B}. Result:,0.0,9.894371032714844e-06,3.2186508178710938e-06,3.355741500854492e-05,-17.734375,-11.5234375
blue,red,Vote: {A} or {B}. Result:,1.6689300537109375e-06,0.0,4.082918167114258e-05,3.874301910400391e-06,-13.296875,-18.34375
blue,green,Vote: {A} or {B}. Result:,3.5762786865234375e-07,5.960464477539063e-08,6.735324859619141e-06,1.430511474609375e-06,-14.828125,-16.609375
blue,yellow,Vote: {A} or {B}. Result:,4.172325134277344e-07,1.9073486328125e-06,6.258487701416016e-06,7.808208465576172e-06,-14.6484375,-13.1796875
blue,purple,Vote: {A} or {B}. Result:,2.980232238769531e-07,9.5367431640625e-06,3.159046173095703e-06,2.6702880859375e-05,-15.09375,-11.5625
green,red,Vote: {A} or {B}. Result:,1.7881393432617188e-07,0.0,4.76837158203125e-06,1.430511474609375e-06,-15.46875,-19.546875
green,blue,Vote: {A} or {B}. Result:,2.384185791015625e-07,1.1920928955078125e-07,4.172325134277344e-06,5.0067901611328125e-06,-15.2890625,-15.9609375
green,yellow,Vote: {A} or {B}. Result:,0.0,5.960464477539062e-07,1.7881393432617188e-07,2.086162567138672e-06,-18.3125,-14.3046875
green,purple,Vote: {A} or {B}. Result:,2.384185791015625e-07,2.1457672119140625e-06,3.3974647521972656e-06,6.616115570068359e-06,-15.2578125,-13.0546875
yellow,red,Vote: {A} or {B}. Result:,5.245208740234375e-06,0.0,2.4557113647460938e-05,2.384185791015625e-07,-12.15625,-20.421875
yellow,blue,Vote: {A} or {B}. Result:,1.6868114471435547e-05,1.1920928955078125e-07,8.559226989746094e-05,2.3245811462402344e-06,-10.9921875,-15.8515625
yellow,green,Vote: {A} or {B}. Result:,6.973743438720703e-06,0.0,2.962350845336914e-05,1.1920928955078125e-07,-11.875,-18.875
yellow,purple,Vote: {A} or {B}. Result:,2.9802322387695312e-06,6.556510925292969e-07,2.002716064453125e-05,2.86102294921875e-06,-12.734375,-14.28125
purple,red,Vote: {A} or {B}. Result:,2.7835369110107422e-05,5.960464477539063e-08,0.00011461973190307617,9.715557098388672e-06,-10.4921875,-17.046875
purple,blue,Vote: {A} or {B}. Result:,1.519918441772461e-05,1.6689300537109375e-06,5.2869319915771484e-05,3.6716461181640625e-05,-11.09375,-13.296875
purple,green,Vote: {A} or {B}. Result:,2.6285648345947266e-05,5.960464477539063e-08,0.00013339519500732422,1.4901161193847656e-06,-10.546875,-16.75
purple,yellow,Vote: {A} or {B}. Result:,9.47713851928711e-06,4.172325134277344e-07,7.635354995727539e-05,3.7550926208496094e-06,-11.5703125,-14.6484375
red,blue,{A} / {B}. Selection:,0.0,0.0,0.0,0.0,-25.796875,-30.046875
red,green,{A} / {B}. Selection:,0.0,0.0,0.0,0.0,-25.71875,-28.5
red,yellow,{A} / {B}. Selection:,0.0,0.0,0.0,0.0,-29.421875,-33.8125
red,purple,{A} / {B}. Selection:,0.0,0.0,5.960464477539063e-08,0.0,-25.859375,-30.890625
blue,red,{A} / {B}. Selection:,0.0,0.0,0.0,0.0,-22.390625,-31.140625
blue,green,{A} / {B}. Selection:,0.0,0.0,1.1920928955078125e-07,0.0,-20.140625,-32.4375
blue,yellow,{A} / {B}. Selection:,0.0,0.0,0.0,0.0,-23.859375,-29.3125
blue,purple,{A} / {B}. Selection:,0.0,0.0,5.960464477539063e-08,0.0,-21.046875,-27.28125
green,red,{A} / {B}. Selection:,0.0,0.0,0.0,0.0,-23.328125,-31.6875
green,blue,{A} / {B}. Selection:,0.0,0.0,0.0,0.0,-23.5625,-26.84375
green,yellow,{A} / {B}. Selection:,0.0,0.0,0.0,0.0,-24.859375,-29.265625
green,purple,{A} / {B}. Selection:,0.0,0.0,0.0,0.0,-23.1875,-31.546875
yellow,red,{A} / {B}. Selection:,0.0,0.0,0.0,0.0,-23.15625,-35.375
yellow,blue,{A} / {B}. Selection:,0.0,0.0,0.0,0.0,-21.328125,-30.609375
yellow,green,{A} / {B}. Selection:,0.0,0.0,0.0,0.0,-21.765625,-36.0625
yellow,purple,{A} / {B}. Selection:,0.0,0.0,2.384185791015625e-07,0.0,-20.125,-31.59375
purple,red,{A} / {B}. Selection:,0.0,0.0,0.0,0.0,-20.921875,-35.96875
purple,blue,{A} / {B}. Selection:,0.0,0.0,0.0,0.0,-20.640625,-30.140625
purple,green,{A} / {B}. Selection:,0.0,0.0,0.0,0.0,-21.203125,-37.03125
purple,yellow,{A} / {B}. Selection:,0.0,0.0,0.0,0.0,-21.625,-32.96875
red,blue,Name: {A}. Name: {B}. Preferred:,0.0,0.0,0.0,0.0,-26.09375,-28.546875
red,green,Name: {A}. Name: {B}. Preferred:,0.0,0.0,0.0,0.0,-25.75,-30.84375
red,yellow,Name: {A}. Name: {B}. Preferred:,0.0,0.0,0.0,0.0,-27.484375,-29.1875
red,purple,Name: {A}. Name: {B}. Preferred:,0.0,0.0,0.0,0.0,-27.453125,-25.5625
blue,red,Name: {A}. Name: {B}. Preferred:,0.0,0.0,0.0,0.0,-22.625,-30.796875
blue,green,Name: {A}. Name: {B}. Preferred:,0.0,0.0,0.0,0.0,-22.796875,-30.625
blue,yellow,Name: {A}. Name: {B}. Preferred:,0.0,0.0,0.0,0.0,-22.21875,-29.09375
blue,purple,Name: {A}. Name: {B}. Preferred:,0.0,0.0,0.0,0.0,-22.765625,-26.828125
green,red,Name: {A}. Name: {B}. Preferred:,0.0,0.0,0.0,0.0,-25.1875,-31.6875
green,blue,Name: {A}. Name: {B}. Preferred:,0.0,0.0,0.0,0.0,-24.953125,-28.640625
green,yellow,Name: {A}. Name: {B}. Preferred:,0.0,0.0,0.0,0.0,-25.6875,-27.859375
green,purple,Name: {A}. Name: {B}. Preferred:,0.0,0.0,0.0,0.0,-26.71875,-27.875
yellow,red,Name: {A}. Name: {B}. Preferred:,0.0,0.0,0.0,0.0,-22.546875,-34.0625
yellow,blue,Name: {A}. Name: {B}. Preferred:,0.0,0.0,0.0,0.0,-20.953125,-31.8125
yellow,green,Name: {A}. Name: {B}. Preferred:,0.0,0.0,0.0,0.0,-22.203125,-33.46875
yellow,purple,Name: {A}. Name: {B}. Preferred:,0.0,0.0,0.0,0.0,-23.71875,-28.671875
purple,red,Name: {A}. Name: {B}. Preferred:,0.0,0.0,0.0,0.0,-22.171875,-35.5
purple,blue,Name: {A}. Name: {B}. Preferred:,0.0,0.0,0.0,0.0,-22.203125,-32.0625
purple,green,Name: {A}. Name: {B}. Preferred:,0.0,0.0,0.0,0.0,-23.25,-35.3125
purple,yellow,Name: {A}. Name: {B}. Preferred:,0.0,0.0,0.0,0.0,-23.390625,-32.1875
red,blue,"Item 1: {A}
Item 2: {B}
Selection:",0.0,0.0,0.0,0.0,-30.53125,-33.40625
red,green,"Item 1: {A}
Item 2: {B}
Selection:",0.0,0.0,0.0,0.0,-29.46875,-35.875
red,yellow,"Item 1: {A}
Item 2: {B}
Selection:",0.0,0.0,0.0,0.0,-30.140625,-32.0
red,purple,"Item 1: {A}
Item 2: {B}
Selection:",0.0,0.0,0.0,0.0,-28.796875,-27.625
blue,red,"Item 1: {A}
Item 2: {B}
Selection:",0.0,0.0,0.0,0.0,-26.125,-35.8125
blue,green,"Item 1: {A}
Item 2: {B}
Selection:",0.0,0.0,0.0,0.0,-25.6875,-34.875
blue,yellow,"Item 1: {A}
Item 2: {B}
Selection:",0.0,0.0,0.0,0.0,-26.234375,-30.34375
blue,purple,"Item 1: {A}
Item 2: {B}
Selection:",0.0,0.0,0.0,0.0,-23.6875,-25.515625
green,red,"Item 1: {A}
Item 2: {B}
Selection:",0.0,0.0,0.0,0.0,-27.234375,-35.78125
green,blue,"Item 1: {A}
Item 2: {B}
Selection:",0.0,0.0,0.0,0.0,-26.96875,-31.90625
green,yellow,"Item 1: {A}
Item 2: {B}
Selection:",0.0,0.0,0.0,0.0,-27.109375,-30.03125
green,purple,"Item 1: {A}
Item 2: {B}
Selection:",0.0,0.0,0.0,0.0,-26.09375,-30.296875
yellow,red,"Item 1: {A}
Item 2: {B}
Selection:",0.0,0.0,0.0,0.0,-23.78125,-36.5625
yellow,blue,"Item 1: {A}
Item 2: {B}
Selection:",0.0,0.0,0.0,0.0,-21.171875,-30.703125
yellow,green,"Item 1: {A}
Item 2: {B}
Selection:",0.0,0.0,0.0,0.0,-22.453125,-36.28125
yellow,purple,"Item 1: {A}
Item 2: {B}
Selection:",0.0,0.0,0.0,0.0,-22.703125,-31.234375
purple,red,"Item 1: {A}
Item 2: {B}
Selection:",0.0,0.0,0.0,0.0,-23.53125,-36.625
purple,blue,"Item 1: {A}
Item 2: {B}
Selection:",0.0,0.0,0.0,0.0,-23.46875,-31.71875
purple,green,"Item 1: {A}
Item 2: {B}
Selection:",0.0,0.0,0.0,0.0,-23.734375,-36.75
purple,yellow,"Item 1: {A}
Item 2: {B}
Selection:",0.0,0.0,0.0,0.0,-23.296875,-31.34375
red,blue,"Input: [{A}, {B}]
Output:",0.0,0.0,0.0,0.0,-26.9375,-27.15625
red,green,"Input: [{A}, {B}]
Output:",0.0,0.0,0.0,0.0,-28.359375,-32.78125
red,yellow,"Input: [{A}, {B}]
Output:",0.0,0.0,0.0,0.0,-29.75,-30.34375
red,purple,"Input: [{A}, {B}]
Output:",0.0,0.0,0.0,0.0,-28.15625,-22.046875
blue,red,"Input: [{A}, {B}]
Output:",0.0,0.0,0.0,0.0,-21.28125,-29.109375
blue,green,"Input: [{A}, {B}]
Output:",0.0,0.0,0.0,0.0,-22.9375,-32.25
blue,yellow,"Input: [{A}, {B}]
Output:",0.0,0.0,0.0,0.0,-22.203125,-25.171875
blue,purple,"Input: [{A}, {B}]
Output:",0.0,0.0,0.0,0.0,-21.765625,-22.03125
green,red,"Input: [{A}, {B}]
Output:",0.0,0.0,0.0,0.0,-26.375,-31.171875
green,blue,"Input: [{A}, {B}]
Output:",0.0,0.0,0.0,0.0,-26.546875,-28.703125
green,yellow,"Input: [{A}, {B}]
Output:",0.0,0.0,0.0,0.0,-29.078125,-27.421875
green,purple,"Input: [{A}, {B}]
Output:",0.0,0.0,0.0,0.0,-26.265625,-24.796875
yellow,red,"Input: [{A}, {B}]
Output:",0.0,0.0,0.0,0.0,-21.0,-32.15625
yellow,blue,"Input: [{A}, {B}]
Output:",0.0,0.0,2.384185791015625e-07,0.0,-17.90625,-22.015625
yellow,green,"Input: [{A}, {B}]
Output:",0.0,0.0,0.0,0.0,-19.875,-34.4375
yellow,purple,"Input: [{A}, {B}]
Output:",0.0,0.0,0.0,0.0,-19.59375,-25.921875
purple,red,"Input: [{A}, {B}]
Output:",0.0,0.0,0.0,0.0,-18.71875,-31.734375
purple,blue,"Input: [{A}, {B}]
Output:",0.0,0.0,0.0,0.0,-18.65625,-27.1875
purple,green,"Input: [{A}, {B}]
Output:",0.0,0.0,0.0,0.0,-19.421875,-34.1875
purple,yellow,"Input: [{A}, {B}]
Output:",0.0,0.0,0.0,0.0,-18.890625,-30.515625
red,blue,"Color_1 = {A}
Color_2 = {B}
Selected_Color =",0.0,0.0,0.0,0.0,-37.90625,-40.375
red,green,"Color_1 = {A}
Color_2 = {B}
Selected_Color =",0.0,0.0,0.0,0.0,-38.75,-42.1875
red,yellow,"Color_1 = {A}
Color_2 = {B}
Selected_Color =",0.0,0.0,0.0,0.0,-35.28125,-37.65625
red,purple,"Color_1 = {A}
Color_2 = {B}
Selected_Color =",0.0,0.0,0.0,0.0,-39.0625,-36.9375
blue,red,"Color_1 = {A}
Color_2 = {B}
Selected_Color =",0.0,0.0,0.0,0.0,-36.09375,-42.53125
blue,green,"Color_1 = {A}
Color_2 = {B}
Selected_Color =",0.0,0.0,0.0,0.0,-35.53125,-41.21875
blue,yellow,"Color_1 = {A}
Color_2 = {B}
Selected_Color =",0.0,0.0,0.0,0.0,-29.15625,-34.84375
blue,purple,"Color_1 = {A}
Color_2 = {B}
Selected_Color =",0.0,0.0,0.0,0.0,-34.53125,-36.0
green,red,"Color_1 = {A}
Color_2 = {B}
Selected_Color =",0.0,0.0,0.0,0.0,-37.84375,-43.09375
green,blue,"Color_1 = {A}
Color_2 = {B}
Selected_Color =",0.0,0.0,0.0,0.0,-36.8125,-40.6875
green,yellow,"Color_1 = {A}
Color_2 = {B}
Selected_Color =",0.0,0.0,0.0,0.0,-36.65625,-38.09375
green,purple,"Color_1 = {A}
Color_2 = {B}
Selected_Color =",0.0,0.0,0.0,0.0,-38.03125,-37.46875
yellow,red,"Color_1 = {A}
Color_2 = {B}
Selected_Color =",0.0,0.0,0.0,0.0,-30.25,-41.59375
yellow,blue,"Color_1 = {A}
Color_2 = {B}
Selected_Color =",0.0,0.0,0.0,0.0,-23.53125,-35.40625
yellow,green,"Color_1 = {A}
Color_2 = {B}
Selected_Color =",0.0,0.0,0.0,0.0,-30.578125,-40.9375
yellow,purple,"Color_1 = {A}
Color_2 = {B}
Selected_Color =",0.0,0.0,0.0,0.0,-31.34375,-36.09375
purple,red,"Color_1 = {A}
Color_2 = {B}
Selected_Color =",0.0,0.0,0.0,0.0,-27.375,-41.46875
purple,blue,"Color_1 = {A}
Color_2 = {B}
Selected_Color =",0.0,0.0,0.0,0.0,-26.640625,-38.15625
purple,green,"Color_1 = {A}
Color_2 = {B}
Selected_Color =",0.0,0.0,0.0,0.0,-28.578125,-41.34375
purple,yellow,"Color_1 = {A}
Color_2 = {B}
Selected_Color =",0.0,0.0,0.0,0.0,-24.3125,-35.5
red,blue,"Dataset: {A}, {B}. Filtered:",0.0,0.0,0.0,0.0,-31.1875,-33.59375
red,green,"Dataset: {A}, {B}. Filtered:",0.0,0.0,0.0,0.0,-30.65625,-35.40625
red,yellow,"Dataset: {A}, {B}. Filtered:",0.0,0.0,0.0,0.0,-30.71875,-32.1875
red,purple,"Dataset: {A}, {B}. Filtered:",0.0,0.0,0.0,0.0,-30.296875,-31.96875
blue,red,"Dataset: {A}, {B}. Filtered:",0.0,0.0,0.0,0.0,-29.203125,-36.28125
blue,green,"Dataset: {A}, {B}. Filtered:",0.0,0.0,0.0,0.0,-27.765625,-35.21875
blue,yellow,"Dataset: {A}, {B}. Filtered:",0.0,0.0,0.0,0.0,-29.046875,-33.46875
blue,purple,"Dataset: {A}, {B}. Filtered:",0.0,0.0,0.0,0.0,-27.4375,-31.890625
green,red,"Dataset: {A}, {B}. Filtered:",0.0,0.0,0.0,0.0,-32.40625,-38.75
green,blue,"Dataset: {A}, {B}. Filtered:",0.0,0.0,0.0,0.0,-30.625,-34.8125
green,yellow,"Dataset: {A}, {B}. Filtered:",0.0,0.0,0.0,0.0,-31.421875,-34.6875
green,purple,"Dataset: {A}, {B}. Filtered:",0.0,0.0,0.0,0.0,-31.765625,-35.46875
yellow,red,"Dataset: {A}, {B}. Filtered:",0.0,0.0,0.0,0.0,-26.859375,-37.625
yellow,blue,"Dataset: {A}, {B}. Filtered:",0.0,0.0,0.0,0.0,-27.203125,-36.25
yellow,green,"Dataset: {A}, {B}. Filtered:",0.0,0.0,0.0,0.0,-26.109375,-37.125
yellow,purple,"Dataset: {A}, {B}. Filtered:",0.0,0.0,0.0,0.0,-26.671875,-33.84375
purple,red,"Dataset: {A}, {B}. Filtered:",0.0,0.0,0.0,0.0,-29.03125,-38.375
purple,blue,"Dataset: {A}, {B}. Filtered:",0.0,0.0,0.0,0.0,-27.75,-34.4375
purple,green,"Dataset: {A}, {B}. Filtered:",0.0,0.0,0.0,0.0,-30.28125,-39.375
purple,yellow,"Dataset: {A}, {B}. Filtered:",0.0,0.0,0.0,0.0,-30.59375,-36.0625
red,blue,"[ {A}, {B} ] Selected index:",0.0,0.0,0.0,0.0,-39.625,-38.21875
red,green,"[ {A}, {B} ] Selected index:",0.0,0.0,0.0,0.0,-40.21875,-39.53125
red,yellow,"[ {A}, {B} ] Selected index:",0.0,0.0,0.0,0.0,-40.0,-37.25
red,purple,"[ {A}, {B} ] Selected index:",0.0,0.0,0.0,0.0,-39.5,-35.28125
blue,red,"[ {A}, {B} ] Selected index:",0.0,0.0,0.0,0.0,-34.53125,-42.5
blue,green,"[ {A}, {B} ] Selected index:",0.0,0.0,0.0,0.0,-35.6875,-40.21875
blue,yellow,"[ {A}, {B} ] Selected index:",0.0,0.0,0.0,0.0,-35.40625,-38.0625
blue,purple,"[ {A}, {B} ] Selected index:",0.0,0.0,0.0,0.0,-34.59375,-35.65625
green,red,"[ {A}, {B} ] Selected index:",0.0,0.0,0.0,0.0,-35.15625,-42.75
green,blue,"[ {A}, {B} ] Selected index:",0.0,0.0,0.0,0.0,-36.375,-39.53125
green,yellow,"[ {A}, {B} ] Selected index:",0.0,0.0,0.0,0.0,-36.9375,-38.0
green,purple,"[ {A}, {B} ] Selected index:",0.0,0.0,0.0,0.0,-36.40625,-36.5
yellow,red,"[ {A}, {B} ] Selected index:",0.0,0.0,0.0,0.0,-31.96875,-42.1875
yellow,blue,"[ {A}, {B} ] Selected index:",0.0,0.0,0.0,0.0,-31.0625,-37.4375
yellow,green,"[ {A}, {B} ] Selected index:",0.0,0.0,0.0,0.0,-32.3125,-39.8125
yellow,purple,"[ {A}, {B} ] Selected index:",0.0,0.0,0.0,0.0,-31.671875,-34.875
purple,red,"[ {A}, {B} ] Selected index:",0.0,0.0,0.0,0.0,-31.828125,-41.8125
purple,blue,"[ {A}, {B} ] Selected index:",0.0,0.0,0.0,0.0,-31.796875,-38.1875
purple,green,"[ {A}, {B} ] Selected index:",0.0,0.0,0.0,0.0,-32.25,-39.625
purple,yellow,"[ {A}, {B} ] Selected index:",0.0,0.0,0.0,0.0,-31.765625,-37.0
red,blue,"List: {A}, {B}. Top item:",0.0,0.0,2.104043960571289e-05,0.0,-18.046875,-24.140625
red,green,"List: {A}, {B}. Top item:",0.0,0.0,1.3232231140136719e-05,0.0,-18.546875,-31.046875
red,yellow,"List: {A}, {B}. Top item:",0.0,0.0,1.239776611328125e-05,0.0,-18.15625,-28.984375
red,purple,"List: {A}, {B}. Top item:",5.960464477539063e-08,0.0,2.944469451904297e-05,0.0,-16.34375,-22.78125
blue,red,"List: {A}, {B}. Top item:",1.6689300537109375e-06,0.0,6.365776062011719e-05,5.960464477539063e-08,-13.296875,-23.03125
blue,green,"List: {A}, {B}. Top item:",2.086162567138672e-06,0.0,0.00010269880294799805,0.0,-13.078125,-26.34375
blue,yellow,"List: {A}, {B}. Top item:",1.5497207641601562e-06,0.0,4.4226646423339844e-05,0.0,-13.390625,-24.734375
blue,purple,"List: {A}, {B}. Top item:",4.112720489501953e-06,0.0,5.984306335449219e-05,0.0,-12.390625,-18.640625
green,red,"List: {A}, {B}. Top item:",5.364418029785156e-07,0.0,3.170967102050781e-05,0.0,-14.484375,-26.234375
green,blue,"List: {A}, {B}. Top item:",4.76837158203125e-07,0.0,2.4020671844482422e-05,0.0,-14.59375,-22.984375
green,yellow,"List: {A}, {B}. Top item:",4.76837158203125e-07,0.0,1.9371509552001953e-05,0.0,-14.5625,-25.890625
green,purple,"List: {A}, {B}. Top item:",1.3709068298339844e-06,0.0,3.4809112548828125e-05,0.0,-13.5078125,-23.546875
yellow,red,"List: {A}, {B}. Top item:",5.0067901611328125e-06,0.0,4.839897155761719e-05,0.0,-12.203125,-23.0625
yellow,blue,"List: {A}, {B}. Top item:",2.205371856689453e-05,0.0,0.0002314448356628418,0.0,-10.7265625,-22.28125
yellow,green,"List: {A}, {B}. Top item:",1.6689300537109375e-05,0.0,0.00022995471954345703,0.0,-11.0,-27.0625
yellow,purple,"List: {A}, {B}. Top item:",2.4318695068359375e-05,0.0,0.0002862215042114258,0.0,-10.625,-21.359375
purple,red,"List: {A}, {B}. Top item:",5.662441253662109e-06,0.0,1.7762184143066406e-05,9.5367431640625e-07,-12.0859375,-19.109375
purple,blue,"List: {A}, {B}. Top item:",1.8358230590820312e-05,0.0,5.906820297241211e-05,1.7881393432617188e-07,-10.90625,-18.640625
purple,green,"List: {A}, {B}. Top item:",3.933906555175781e-05,0.0,0.0001799464225769043,0.0,-10.140625,-21.25
purple,yellow,"List: {A}, {B}. Top item:",4.309415817260742e-05,0.0,0.00022345781326293945,0.0,-10.0546875,-22.328125
red,blue,"Category: Colors.
Options: {A}, {B}.
Pick:",3.9517879486083984e-05,6.61611557006836e-05,0.06514310836791992,0.008874714374542236,-10.140625,-9.625
red,green,"Category: Colors.
Options: {A}, {B}.
Pick:",3.910064697265625e-05,3.045797348022461e-05,0.04434579610824585,0.0015467405319213867,-10.1484375,-10.3984375
red,yellow,"Category: Colors.
Options: {A}, {B}.
Pick:",1.2993812561035156e-05,2.2113323211669922e-05,0.008320331573486328,7.43865966796875e-05,-11.25,-10.71875
red,purple,"Category: Colors.
Options: {A}, {B}.
Pick:",4.827976226806641e-06,0.0004763603210449219,0.0009034872055053711,0.0033758878707885742,-12.2421875,-7.6484375
blue,red,"Category: Colors.
Options: {A}, {B}.
Pick:",0.0002815723419189453,2.2411346435546875e-05,0.025627315044403076,0.020734965801239014,-8.171875,-10.703125
blue,green,"Category: Colors.
Options: {A}, {B}.
Pick:",0.0003504753112792969,2.2411346435546875e-05,0.03500485420227051,0.0009618401527404785,-7.95703125,-10.703125
blue,yellow,"Category: Colors.
Options: {A}, {B}.
Pick:",0.00023233890533447266,9.685754776000977e-05,0.009387195110321045,0.0003052353858947754,-8.3671875,-9.2421875
blue,purple,"Category: Colors.
Options: {A}, {B}.
Pick:",5.179643630981445e-05,0.0004763603210449219,0.0017484426498413086,0.0036529898643493652,-9.8671875,-7.6484375
green,red,"Category: Colors.
Options: {A}, {B}.
Pick:",0.00014221668243408203,1.5497207641601562e-05,0.006105482578277588,0.011329889297485352,-8.859375,-11.078125
green,blue,"Category: Colors.
Options: {A}, {B}.
Pick:",2.187490463256836e-05,0.0004260540008544922,0.0007604360580444336,0.056285560131073,-10.7265625,-7.76171875
green,yellow,"Category: Colors.
Options: {A}, {B}.
Pick:",0.00015437602996826172,0.00010281801223754883,0.002817511558532715,0.0002498626708984375,-8.7734375,-9.1796875
green,purple,"Category: Colors.
Options: {A}, {B}.
Pick:",0.0001226663589477539,0.0005497932434082031,0.0028783082962036133,0.003325164318084717,-9.0078125,-7.5078125
yellow,red,"Category: Colors.
Options: {A}, {B}.
Pick:",8.618831634521484e-05,3.272294998168945e-05,0.00023114681243896484,0.032943785190582275,-9.359375,-10.328125
yellow,blue,"Category: Colors.
Options: {A}, {B}.
Pick:",0.0008401870727539062,0.0005340576171875,0.0028014779090881348,0.03519892692565918,-7.08203125,-7.53515625
yellow,green,"Category: Colors.
Options: {A}, {B}.
Pick:",0.0012502670288085938,0.00011998414993286133,0.0033864378929138184,0.0027332305908203125,-6.68359375,-9.03125
yellow,purple,"Category: Colors.
Options: {A}, {B}.
Pick:",0.0004048347473144531,0.001369476318359375,0.0022336840629577637,0.010318636894226074,-7.8125,-6.59375
purple,red,"Category: Colors.
Options: {A}, {B}.
Pick:",1.4901161193847656e-06,3.9517879486083984e-05,7.271766662597656e-06,0.03951829671859741,-13.421875,-10.140625
purple,blue,"Category: Colors.
Options: {A}, {B}.
Pick:",3.707408905029297e-05,0.0004374980926513672,0.0001551508903503418,0.021957993507385254,-10.203125,-7.734375
purple,green,"Category: Colors.
Options: {A}, {B}.
Pick:",0.00038743019104003906,0.00022423267364501953,0.0028566718101501465,0.009356439113616943,-7.85546875,-8.40625
purple,yellow,"Category: Colors.
Options: {A}, {B}.
Pick:",0.00021207332611083984,0.0003962516784667969,0.0015178322792053223,0.0021291375160217285,-8.4609375,-7.83203125
red,blue,"Type: Color
Option A: {A}
Option B: {B}
Select:",5.960464477539063e-08,0.0,5.364418029785156e-07,0.0,-17.125,-19.234375
red,green,"Type: Color
Option A: {A}
Option B: {B}
Select:",5.960464477539063e-08,0.0,5.364418029785156e-07,0.0,-17.0,-23.765625
red,yellow,"Type: Color
Option A: {A}
Option B: {B}
Select:",0.0,0.0,1.7881393432617188e-07,0.0,-18.671875,-23.75
red,purple,"Type: Color
Option A: {A}
Option B: {B}
Select:",0.0,5.960464477539063e-08,5.960464477539063e-08,1.1920928955078125e-07,-19.59375,-16.515625
blue,red,"Type: Color
Option A: {A}
Option B: {B}
Select:",1.1920928955078125e-06,0.0,2.2649765014648438e-06,0.0,-13.625,-21.859375
blue,green,"Type: Color
Option A: {A}
Option B: {B}
Select:",1.3113021850585938e-06,0.0,2.4437904357910156e-06,0.0,-13.5390625,-20.890625
blue,yellow,"Type: Color
Option A: {A}
Option B: {B}
Select:",3.5762786865234375e-07,0.0,6.556510925292969e-07,0.0,-14.8828125,-23.296875
blue,purple,"Type: Color
Option A: {A}
Option B: {B}
Select:",1.1920928955078125e-07,5.960464477539063e-08,2.980232238769531e-07,1.1920928955078125e-07,-15.8125,-16.25
green,red,"Type: Color
Option A: {A}
Option B: {B}
Select:",4.172325134277344e-07,0.0,7.748603820800781e-07,0.0,-14.6484375,-21.6875
green,blue,"Type: Color
Option A: {A}
Option B: {B}
Select:",1.7881393432617188e-07,3.5762786865234375e-07,2.980232238769531e-07,7.748603820800781e-07,-15.53125,-14.875
green,yellow,"Type: Color
Option A: {A}
Option B: {B}
Select:",2.384185791015625e-07,0.0,5.364418029785156e-07,0.0,-15.203125,-20.71875
green,purple,"Type: Color
Option A: {A}
Option B: {B}
Select:",3.5762786865234375e-07,0.0,8.344650268554688e-07,0.0,-14.90625,-18.234375
yellow,red,"Type: Color
Option A: {A}
Option B: {B}
Select:",1.3709068298339844e-06,0.0,2.1457672119140625e-06,5.960464477539063e-08,-13.515625,-19.4375
yellow,blue,"Type: Color
Option A: {A}
Option B: {B}
Select:",1.6689300537109375e-06,1.1920928955078125e-07,2.562999725341797e-06,2.384185791015625e-07,-13.3125,-16.03125
yellow,green,"Type: Color
Option A: {A}
Option B: {B}
Select:",3.0994415283203125e-06,0.0,4.589557647705078e-06,0.0,-12.6796875,-18.53125
yellow,purple,"Type: Color
Option A: {A}
Option B: {B}
Select:",3.5762786865234375e-07,1.7881393432617188e-07,7.748603820800781e-07,3.5762786865234375e-07,-14.90625,-15.5625
purple,red,"Type: Color
Option A: {A}
Option B: {B}
Select:",9.417533874511719e-06,0.0,1.33514404296875e-05,0.0,-11.578125,-19.84375
purple,blue,"Type: Color
Option A: {A}
Option B: {B}
Select:",3.516674041748047e-06,1.7881393432617188e-07,5.0067901611328125e-06,4.172325134277344e-07,-12.5625,-15.5546875
purple,green,"Type: Color
Option A: {A}
Option B: {B}
Select:",3.0279159545898438e-05,1.1920928955078125e-07,4.106760025024414e-05,2.384185791015625e-07,-10.40625,-16.171875
purple,yellow,"Type: Color
Option A: {A}
Option B: {B}
Select:",1.0013580322265625e-05,0.0,1.722574234008789e-05,0.0,-11.515625,-20.375
red,blue,Log: User viewed {A} and {B}. User chose,0.0,0.0,0.0,0.0,-24.875,-25.59375
red,green,Log: User viewed {A} and {B}. User chose,0.0,0.0,0.0,0.0,-24.609375,-25.96875
red,yellow,Log: User viewed {A} and {B}. User chose,0.0,0.0,0.0,0.0,-25.453125,-25.546875
red,purple,Log: User viewed {A} and {B}. User chose,0.0,0.0,0.0,0.0,-25.46875,-25.421875
blue,red,Log: User viewed {A} and {B}. User chose,0.0,0.0,0.0,0.0,-23.328125,-27.359375
blue,green,Log: User viewed {A} and {B}. User chose,0.0,0.0,0.0,0.0,-23.0,-28.5625
blue,yellow,Log: User viewed {A} and {B}. User chose,0.0,0.0,0.0,0.0,-22.484375,-27.875
blue,purple,Log: User viewed {A} and {B}. User chose,0.0,0.0,0.0,0.0,-22.828125,-25.953125
green,red,Log: User viewed {A} and {B}. User chose,0.0,0.0,0.0,0.0,-22.15625,-28.046875
green,blue,Log: User viewed {A} and {B}. User chose,0.0,0.0,0.0,0.0,-22.125,-26.640625
green,yellow,Log: User viewed {A} and {B}. User chose,0.0,0.0,0.0,0.0,-22.90625,-27.5625
green,purple,Log: User viewed {A} and {B}. User chose,0.0,0.0,0.0,0.0,-23.234375,-27.0
yellow,red,Log: User viewed {A} and {B}. User chose,0.0,0.0,0.0,0.0,-22.0,-28.3125
yellow,blue,Log: User viewed {A} and {B}. User chose,0.0,0.0,0.0,0.0,-21.46875,-27.484375
yellow,green,Log: User viewed {A} and {B}. User chose,0.0,0.0,0.0,0.0,-21.375,-28.9375
yellow,purple,Log: User viewed {A} and {B}. User chose,0.0,0.0,0.0,0.0,-22.109375,-25.703125
purple,red,Log: User viewed {A} and {B}. User chose,0.0,0.0,0.0,0.0,-20.984375,-30.4375
purple,blue,Log: User viewed {A} and {B}. User chose,0.0,0.0,0.0,0.0,-20.8125,-28.34375
purple,green,Log: User viewed {A} and {B}. User chose,0.0,0.0,0.0,0.0,-20.890625,-29.953125
purple,yellow,Log: User viewed {A} and {B}. User chose,0.0,0.0,0.0,0.0,-20.5625,-29.09375
red,blue,"const options = ['{A}', '{B}']; const selected =",0.0,0.0,0.0,0.0,-43.78125,-42.1875
red,green,"const options = ['{A}', '{B}']; const selected =",0.0,0.0,0.0,0.0,-43.21875,-42.96875
red,yellow,"const options = ['{A}', '{B}']; const selected =",0.0,0.0,0.0,0.0,-43.65625,-41.15625
red,purple,"const options = ['{A}', '{B}']; const selected =",0.0,0.0,0.0,0.0,-43.8125,-40.53125
blue,red,"const options = ['{A}', '{B}']; const selected =",0.0,0.0,0.0,0.0,-41.15625,-44.4375
blue,green,"const options = ['{A}', '{B}']; const selected =",0.0,0.0,0.0,0.0,-41.28125,-43.5
blue,yellow,"const options = ['{A}', '{B}']; const selected =",0.0,0.0,0.0,0.0,-41.3125,-41.4375
blue,purple,"const options = ['{A}', '{B}']; const selected =",0.0,0.0,0.0,0.0,-41.5625,-40.90625
green,red,"const options = ['{A}', '{B}']; const selected =",0.0,0.0,0.0,0.0,-42.71875,-44.3125
green,blue,"const options = ['{A}', '{B}']; const selected =",0.0,0.0,0.0,0.0,-43.09375,-42.625
green,yellow,"const options = ['{A}', '{B}']; const selected =",0.0,0.0,0.0,0.0,-43.25,-41.78125
green,purple,"const options = ['{A}', '{B}']; const selected =",0.0,0.0,0.0,0.0,-43.15625,-40.9375
yellow,red,"const options = ['{A}', '{B}']; const selected =",0.0,0.0,0.0,0.0,-40.34375,-44.65625
yellow,blue,"const options = ['{A}', '{B}']; const selected =",0.0,0.0,0.0,0.0,-40.34375,-42.5
yellow,green,"const options = ['{A}', '{B}']; const selected =",0.0,0.0,0.0,0.0,-40.3125,-43.71875
yellow,purple,"const options = ['{A}', '{B}']; const selected =",0.0,0.0,0.0,0.0,-40.53125,-40.8125
purple,red,"const options = ['{A}', '{B}']; const selected =",0.0,0.0,0.0,0.0,-40.03125,-45.3125
purple,blue,"const options = ['{A}', '{B}']; const selected =",0.0,0.0,0.0,0.0,-40.0,-42.9375
purple,green,"const options = ['{A}', '{B}']; const selected =",0.0,0.0,0.0,0.0,-39.8125,-44.0625
purple,yellow,"const options = ['{A}', '{B}']; const selected =",0.0,0.0,0.0,0.0,-40.03125,-41.84375
red,blue,if (choice == '{A}' || choice == '{B}') return,0.0,0.0,0.0,0.0,-42.125,-40.5
red,green,if (choice == '{A}' || choice == '{B}') return,0.0,0.0,0.0,0.0,-41.5,-41.21875
red,yellow,if (choice == '{A}' || choice == '{B}') return,0.0,0.0,0.0,0.0,-41.9375,-40.625
red,purple,if (choice == '{A}' || choice == '{B}') return,0.0,0.0,0.0,0.0,-43.0,-40.21875
blue,red,if (choice == '{A}' || choice == '{B}') return,0.0,0.0,0.0,0.0,-39.09375,-42.65625
blue,green,if (choice == '{A}' || choice == '{B}') return,0.0,0.0,0.0,0.0,-38.65625,-40.96875
blue,yellow,if (choice == '{A}' || choice == '{B}') return,0.0,0.0,0.0,0.0,-38.84375,-40.25
blue,purple,if (choice == '{A}' || choice == '{B}') return,0.0,0.0,0.0,0.0,-39.6875,-39.78125
green,red,if (choice == '{A}' || choice == '{B}') return,0.0,0.0,0.0,0.0,-40.34375,-42.75
green,blue,if (choice == '{A}' || choice == '{B}') return,0.0,0.0,0.0,0.0,-40.375,-40.25
green,yellow,if (choice == '{A}' || choice == '{B}') return,0.0,0.0,0.0,0.0,-40.5625,-40.4375
green,purple,if (choice == '{A}' || choice == '{B}') return,0.0,0.0,0.0,0.0,-41.625,-40.46875
yellow,red,if (choice == '{A}' || choice == '{B}') return,0.0,0.0,0.0,0.0,-39.75,-43.0
yellow,blue,if (choice == '{A}' || choice == '{B}') return,0.0,0.0,0.0,0.0,-39.9375,-40.78125
yellow,green,if (choice == '{A}' || choice == '{B}') return,0.0,0.0,0.0,0.0,-39.40625,-41.28125
yellow,purple,if (choice == '{A}' || choice == '{B}') return,0.0,0.0,0.0,0.0,-40.625,-40.28125
purple,red,if (choice == '{A}' || choice == '{B}') return,0.0,0.0,0.0,0.0,-39.5625,-44.71875
purple,blue,if (choice == '{A}' || choice == '{B}') return,0.0,0.0,0.0,0.0,-39.25,-41.65625
purple,green,if (choice == '{A}' || choice == '{B}') return,0.0,0.0,0.0,0.0,-38.6875,-42.1875
purple,yellow,if (choice == '{A}' || choice == '{B}') return,0.0,0.0,0.0,0.0,-39.21875,-41.46875
red,blue,">>> select('{A}', '{B}')
",0.0,0.0,0.0,0.0,-41.375,-39.5625
red,green,">>> select('{A}', '{B}')
",0.0,0.0,0.0,0.0,-39.90625,-40.5625
red,yellow,">>> select('{A}', '{B}')
",0.0,0.0,0.0,0.0,-40.03125,-38.6875
red,purple,">>> select('{A}', '{B}')
",0.0,0.0,0.0,0.0,-35.875,-33.78125
blue,red,">>> select('{A}', '{B}')
",0.0,0.0,0.0,0.0,-36.78125,-41.4375
blue,green,">>> select('{A}', '{B}')
",0.0,0.0,0.0,0.0,-35.09375,-39.875
blue,yellow,">>> select('{A}', '{B}')
",0.0,0.0,0.0,0.0,-33.375,-36.0
blue,purple,">>> select('{A}', '{B}')
",0.0,0.0,0.0,0.0,-27.328125,-30.765625
green,red,">>> select('{A}', '{B}')
",0.0,0.0,0.0,0.0,-39.1875,-41.0625
green,blue,">>> select('{A}', '{B}')
",0.0,0.0,0.0,0.0,-38.28125,-36.625
green,yellow,">>> select('{A}', '{B}')
",0.0,0.0,0.0,0.0,-37.15625,-36.1875
green,purple,">>> select('{A}', '{B}')
",0.0,0.0,0.0,0.0,-35.71875,-33.59375
yellow,red,">>> select('{A}', '{B}')
",0.0,0.0,0.0,0.0,-37.4375,-41.90625
yellow,blue,">>> select('{A}', '{B}')
",0.0,0.0,0.0,0.0,-33.625,-34.6875
yellow,green,">>> select('{A}', '{B}')
",0.0,0.0,0.0,0.0,-35.6875,-40.65625
yellow,purple,">>> select('{A}', '{B}')
",0.0,0.0,0.0,0.0,-34.25,-34.875
purple,red,">>> select('{A}', '{B}')
",0.0,0.0,0.0,0.0,-30.5625,-38.15625
purple,blue,">>> select('{A}', '{B}')
",0.0,0.0,0.0,0.0,-29.15625,-32.25
purple,green,">>> select('{A}', '{B}')
",0.0,0.0,0.0,0.0,-31.4375,-37.96875
purple,yellow,">>> select('{A}', '{B}')
",0.0,0.0,0.0,0.0,-30.71875,-34.78125
red,blue,switch(color) {{ case '{A}': ...; case '{B}': ...; }} picked:,0.0,0.0,0.0,0.0,-41.03125,-38.84375
red,green,switch(color) {{ case '{A}': ...; case '{B}': ...; }} picked:,0.0,0.0,0.0,0.0,-40.65625,-39.84375
red,yellow,switch(color) {{ case '{A}': ...; case '{B}': ...; }} picked:,0.0,0.0,0.0,0.0,-40.375,-37.90625
red,purple,switch(color) {{ case '{A}': ...; case '{B}': ...; }} picked:,0.0,0.0,0.0,0.0,-39.96875,-36.21875
blue,red,switch(color) {{ case '{A}': ...; case '{B}': ...; }} picked:,0.0,0.0,0.0,0.0,-38.53125,-41.40625
blue,green,switch(color) {{ case '{A}': ...; case '{B}': ...; }} picked:,0.0,0.0,0.0,0.0,-38.03125,-39.78125
blue,yellow,switch(color) {{ case '{A}': ...; case '{B}': ...; }} picked:,0.0,0.0,0.0,0.0,-37.71875,-37.78125
blue,purple,switch(color) {{ case '{A}': ...; case '{B}': ...; }} picked:,0.0,0.0,0.0,0.0,-37.0625,-36.3125
green,red,switch(color) {{ case '{A}': ...; case '{B}': ...; }} picked:,0.0,0.0,0.0,0.0,-39.75,-41.375
green,blue,switch(color) {{ case '{A}': ...; case '{B}': ...; }} picked:,0.0,0.0,0.0,0.0,-39.375,-38.59375
green,yellow,switch(color) {{ case '{A}': ...; case '{B}': ...; }} picked:,0.0,0.0,0.0,0.0,-39.03125,-37.9375
green,purple,switch(color) {{ case '{A}': ...; case '{B}': ...; }} picked:,0.0,0.0,0.0,0.0,-39.375,-37.15625
yellow,red,switch(color) {{ case '{A}': ...; case '{B}': ...; }} picked:,0.0,0.0,0.0,0.0,-38.0,-41.375
yellow,blue,switch(color) {{ case '{A}': ...; case '{B}': ...; }} picked:,0.0,0.0,0.0,0.0,-37.5625,-38.5
yellow,green,switch(color) {{ case '{A}': ...; case '{B}': ...; }} picked:,0.0,0.0,0.0,0.0,-37.46875,-39.6875
yellow,purple,switch(color) {{ case '{A}': ...; case '{B}': ...; }} picked:,0.0,0.0,0.0,0.0,-37.25,-36.875
purple,red,switch(color) {{ case '{A}': ...; case '{B}': ...; }} picked:,0.0,0.0,0.0,0.0,-36.15625,-40.75
purple,blue,switch(color) {{ case '{A}': ...; case '{B}': ...; }} picked:,0.0,0.0,0.0,0.0,-35.8125,-37.84375
purple,green,switch(color) {{ case '{A}': ...; case '{B}': ...; }} picked:,0.0,0.0,0.0,0.0,-35.96875,-39.5
purple,yellow,switch(color) {{ case '{A}': ...; case '{B}': ...; }} picked:,0.0,0.0,0.0,0.0,-35.84375,-37.4375
red,blue,"# Config
active_color: {A} | {B}
set:",0.0,0.0,0.0,0.0,-43.375,-42.53125
red,green,"# Config
active_color: {A} | {B}
set:",0.0,0.0,0.0,0.0,-43.6875,-44.34375
red,yellow,"# Config
active_color: {A} | {B}
set:",0.0,0.0,0.0,0.0,-43.96875,-42.3125
red,purple,"# Config
active_color: {A} | {B}
set:",0.0,0.0,0.0,0.0,-41.90625,-38.53125
blue,red,"# Config
active_color: {A} | {B}
set:",0.0,0.0,0.0,0.0,-40.75,-44.875
blue,green,"# Config
active_color: {A} | {B}
set:",0.0,0.0,0.0,0.0,-40.84375,-43.90625
blue,yellow,"# Config
active_color: {A} | {B}
set:",0.0,0.0,0.0,0.0,-40.46875,-41.21875
blue,purple,"# Config
active_color: {A} | {B}
set:",0.0,0.0,0.0,0.0,-37.75,-37.0
green,red,"# Config
active_color: {A} | {B}
set:",0.0,0.0,0.0,0.0,-43.25,-45.375
green,blue,"# Config
active_color: {A} | {B}
set:",0.0,0.0,0.0,0.0,-41.84375,-41.03125
green,yellow,"# Config
active_color: {A} | {B}
set:",0.0,0.0,0.0,0.0,-43.125,-41.65625
green,purple,"# Config
active_color: {A} | {B}
set:",0.0,0.0,0.0,0.0,-41.46875,-38.25
yellow,red,"# Config
active_color: {A} | {B}
set:",0.0,0.0,0.0,0.0,-39.4375,-45.125
yellow,blue,"# Config
active_color: {A} | {B}
set:",0.0,0.0,0.0,0.0,-37.875,-41.6875
yellow,green,"# Config
active_color: {A} | {B}
set:",0.0,0.0,0.0,0.0,-38.625,-43.59375
yellow,purple,"# Config
active_color: {A} | {B}
set:",0.0,0.0,0.0,0.0,-36.65625,-37.59375
purple,red,"# Config
active_color: {A} | {B}
set:",0.0,0.0,0.0,0.0,-37.3125,-43.71875
purple,blue,"# Config
active_color: {A} | {B}
set:",0.0,0.0,0.0,0.0,-34.53125,-38.3125
purple,green,"# Config
active_color: {A} | {B}
set:",0.0,0.0,0.0,0.0,-35.8125,-42.375
purple,yellow,"# Config
active_color: {A} | {B}
set:",0.0,0.0,0.0,0.0,-36.09375,-40.0625
red,blue,"json_data = {{'options': ['{A}', '{B}'], 'choice': '",0.0,0.0,0.0,0.0,-43.96875,-42.6875
red,green,"json_data = {{'options': ['{A}', '{B}'], 'choice': '",0.0,0.0,0.0,0.0,-43.6875,-42.53125
red,yellow,"json_data = {{'options': ['{A}', '{B}'], 'choice': '",0.0,0.0,0.0,0.0,-43.78125,-42.375
red,purple,"json_data = {{'options': ['{A}', '{B}'], 'choice': '",0.0,0.0,0.0,0.0,-43.59375,-40.875
blue,red,"json_data = {{'options': ['{A}', '{B}'], 'choice': '",0.0,0.0,0.0,0.0,-41.125,-44.46875
blue,green,"json_data = {{'options': ['{A}', '{B}'], 'choice': '",0.0,0.0,0.0,0.0,-40.96875,-42.4375
blue,yellow,"json_data = {{'options': ['{A}', '{B}'], 'choice': '",0.0,0.0,0.0,0.0,-40.75,-42.1875
blue,purple,"json_data = {{'options': ['{A}', '{B}'], 'choice': '",0.0,0.0,0.0,0.0,-40.625,-40.875
green,red,"json_data = {{'options': ['{A}', '{B}'], 'choice': '",0.0,0.0,0.0,0.0,-41.53125,-44.4375
green,blue,"json_data = {{'options': ['{A}', '{B}'], 'choice': '",0.0,0.0,0.0,0.0,-41.4375,-42.40625
green,yellow,"json_data = {{'options': ['{A}', '{B}'], 'choice': '",0.0,0.0,0.0,0.0,-41.40625,-42.28125
green,purple,"json_data = {{'options': ['{A}', '{B}'], 'choice': '",0.0,0.0,0.0,0.0,-41.4375,-41.0
yellow,red,"json_data = {{'options': ['{A}', '{B}'], 'choice': '",0.0,0.0,0.0,0.0,-41.09375,-44.46875
yellow,blue,"json_data = {{'options': ['{A}', '{B}'], 'choice': '",0.0,0.0,0.0,0.0,-41.125,-42.46875
yellow,green,"json_data = {{'options': ['{A}', '{B}'], 'choice': '",0.0,0.0,0.0,0.0,-41.0,-42.5625
yellow,purple,"json_data = {{'options': ['{A}', '{B}'], 'choice': '",0.0,0.0,0.0,0.0,-40.78125,-40.625
purple,red,"json_data = {{'options': ['{A}', '{B}'], 'choice': '",0.0,0.0,0.0,0.0,-39.09375,-44.53125
purple,blue,"json_data = {{'options': ['{A}', '{B}'], 'choice': '",0.0,0.0,0.0,0.0,-39.125,-42.21875
purple,green,"json_data = {{'options': ['{A}', '{B}'], 'choice': '",0.0,0.0,0.0,0.0,-38.9375,-42.4375
purple,yellow,"json_data = {{'options': ['{A}', '{B}'], 'choice': '",0.0,0.0,0.0,0.0,-38.96875,-41.9375
red,blue,"<selection options='{A}, {B}'>",0.0,0.0,0.0,0.0,-26.796875,-21.203125
red,green,"<selection options='{A}, {B}'>",0.0,0.0,0.0,0.0,-25.875,-22.890625
red,yellow,"<selection options='{A}, {B}'>",0.0,0.0,0.0,0.0,-28.25,-21.984375
red,purple,"<selection options='{A}, {B}'>",0.0,0.0,0.0,0.0,-26.8125,-19.890625
blue,red,"<selection options='{A}, {B}'>",0.0,0.0,0.0,0.0,-21.5625,-25.3125
blue,green,"<selection options='{A}, {B}'>",0.0,0.0,0.0,0.0,-21.125,-23.328125
blue,yellow,"<selection options='{A}, {B}'>",0.0,0.0,0.0,0.0,-22.59375,-19.84375
blue,purple,"<selection options='{A}, {B}'>",0.0,0.0,0.0,0.0,-20.4375,-20.140625
green,red,"<selection options='{A}, {B}'>",0.0,0.0,0.0,0.0,-24.390625,-25.859375
green,blue,"<selection options='{A}, {B}'>",0.0,0.0,0.0,0.0,-25.015625,-20.75
green,yellow,"<selection options='{A}, {B}'>",0.0,0.0,0.0,0.0,-26.046875,-19.09375
green,purple,"<selection options='{A}, {B}'>",0.0,0.0,0.0,0.0,-23.640625,-19.8125
yellow,red,"<selection options='{A}, {B}'>",0.0,0.0,0.0,0.0,-21.765625,-26.984375
yellow,blue,"<selection options='{A}, {B}'>",0.0,0.0,0.0,0.0,-20.890625,-21.265625
yellow,green,"<selection options='{A}, {B}'>",0.0,0.0,0.0,0.0,-19.84375,-25.125
yellow,purple,"<selection options='{A}, {B}'>",0.0,0.0,0.0,0.0,-20.9375,-22.5
purple,red,"<selection options='{A}, {B}'>",0.0,0.0,0.0,0.0,-23.125,-24.171875
purple,blue,"<selection options='{A}, {B}'>",0.0,0.0,0.0,0.0,-24.109375,-20.859375
purple,green,"<selection options='{A}, {B}'>",0.0,0.0,0.0,0.0,-21.21875,-24.140625
purple,yellow,"<selection options='{A}, {B}'>",0.0,0.0,0.0,0.0,-23.25,-20.609375
red,blue,"GetPreference({A}, {B}) ->",0.0,0.0,0.0,0.0,-31.5625,-31.96875
red,green,"GetPreference({A}, {B}) ->",0.0,0.0,0.0,0.0,-35.84375,-36.75
red,yellow,"GetPreference({A}, {B}) ->",0.0,0.0,0.0,0.0,-34.625,-32.96875
red,purple,"GetPreference({A}, {B}) ->",0.0,0.0,0.0,0.0,-34.03125,-31.484375
blue,red,"GetPreference({A}, {B}) ->",0.0,0.0,0.0,0.0,-32.4375,-37.53125
blue,green,"GetPreference({A}, {B}) ->",0.0,0.0,0.0,0.0,-31.40625,-36.375
blue,yellow,"GetPreference({A}, {B}) ->",0.0,0.0,0.0,0.0,-32.21875,-33.75
blue,purple,"GetPreference({A}, {B}) ->",0.0,0.0,0.0,0.0,-30.609375,-31.8125
green,red,"GetPreference({A}, {B}) ->",0.0,0.0,0.0,0.0,-33.75,-36.28125
green,blue,"GetPreference({A}, {B}) ->",0.0,0.0,0.0,0.0,-33.65625,-33.5
green,yellow,"GetPreference({A}, {B}) ->",0.0,0.0,0.0,0.0,-34.84375,-33.5625
green,purple,"GetPreference({A}, {B}) ->",0.0,0.0,0.0,0.0,-34.40625,-33.1875
yellow,red,"GetPreference({A}, {B}) ->",0.0,0.0,0.0,0.0,-31.3125,-36.46875
yellow,blue,"GetPreference({A}, {B}) ->",0.0,0.0,0.0,0.0,-28.984375,-31.59375
yellow,green,"GetPreference({A}, {B}) ->",0.0,0.0,0.0,0.0,-31.234375,-35.46875
yellow,purple,"GetPreference({A}, {B}) ->",0.0,0.0,0.0,0.0,-30.765625,-31.578125
purple,red,"GetPreference({A}, {B}) ->",0.0,0.0,0.0,0.0,-30.9375,-36.15625
purple,blue,"GetPreference({A}, {B}) ->",0.0,0.0,0.0,0.0,-29.828125,-32.1875
purple,green,"GetPreference({A}, {B}) ->",0.0,0.0,0.0,0.0,-31.015625,-35.25
purple,yellow,"GetPreference({A}, {B}) ->",0.0,0.0,0.0,0.0,-31.578125,-32.90625
red,blue,"x = {A}; y = {B}; print(pick(x,y)); Output:",0.0,0.0,0.0,0.0,-36.6875,-37.09375
red,green,"x = {A}; y = {B}; print(pick(x,y)); Output:",0.0,0.0,0.0,0.0,-38.34375,-40.0625
red,yellow,"x = {A}; y = {B}; print(pick(x,y)); Output:",0.0,0.0,0.0,0.0,-38.28125,-37.78125
red,purple,"x = {A}; y = {B}; print(pick(x,y)); Output:",0.0,0.0,0.0,0.0,-36.59375,-35.15625
blue,red,"x = {A}; y = {B}; print(pick(x,y)); Output:",0.0,0.0,0.0,0.0,-34.1875,-41.875
blue,green,"x = {A}; y = {B}; print(pick(x,y)); Output:",0.0,0.0,0.0,0.0,-34.78125,-40.3125
blue,yellow,"x = {A}; y = {B}; print(pick(x,y)); Output:",0.0,0.0,0.0,0.0,-32.46875,-36.875
blue,purple,"x = {A}; y = {B}; print(pick(x,y)); Output:",0.0,0.0,0.0,0.0,-29.859375,-33.5625
green,red,"x = {A}; y = {B}; print(pick(x,y)); Output:",0.0,0.0,0.0,0.0,-37.875,-41.53125
green,blue,"x = {A}; y = {B}; print(pick(x,y)); Output:",0.0,0.0,0.0,0.0,-36.625,-37.59375
green,yellow,"x = {A}; y = {B}; print(pick(x,y)); Output:",0.0,0.0,0.0,0.0,-38.09375,-37.84375
green,purple,"x = {A}; y = {B}; print(pick(x,y)); Output:",0.0,0.0,0.0,0.0,-35.90625,-35.9375
yellow,red,"x = {A}; y = {B}; print(pick(x,y)); Output:",0.0,0.0,0.0,0.0,-36.5,-42.09375
yellow,blue,"x = {A}; y = {B}; print(pick(x,y)); Output:",0.0,0.0,0.0,0.0,-32.75,-36.40625
yellow,green,"x = {A}; y = {B}; print(pick(x,y)); Output:",0.0,0.0,0.0,0.0,-36.34375,-40.75
yellow,purple,"x = {A}; y = {B}; print(pick(x,y)); Output:",0.0,0.0,0.0,0.0,-34.78125,-35.8125
purple,red,"x = {A}; y = {B}; print(pick(x,y)); Output:",0.0,0.0,0.0,0.0,-32.21875,-41.03125
purple,blue,"x = {A}; y = {B}; print(pick(x,y)); Output:",0.0,0.0,0.0,0.0,-31.140625,-36.53125
purple,green,"x = {A}; y = {B}; print(pick(x,y)); Output:",0.0,0.0,0.0,0.0,-30.859375,-39.3125
purple,yellow,"x = {A}; y = {B}; print(pick(x,y)); Output:",0.0,0.0,0.0,0.0,-30.421875,-36.15625
red,blue,"fn choose({A}, {B}) {{ return",0.0,0.0,0.0,0.0,-42.59375,-41.34375
red,green,"fn choose({A}, {B}) {{ return",0.0,0.0,0.0,0.0,-42.15625,-43.15625
red,yellow,"fn choose({A}, {B}) {{ return",0.0,0.0,0.0,0.0,-42.78125,-41.09375
red,purple,"fn choose({A}, {B}) {{ return",0.0,0.0,0.0,0.0,-43.0,-40.375
blue,red,"fn choose({A}, {B}) {{ return",0.0,0.0,0.0,0.0,-41.125,-44.15625
blue,green,"fn choose({A}, {B}) {{ return",0.0,0.0,0.0,0.0,-41.03125,-44.125
blue,yellow,"fn choose({A}, {B}) {{ return",0.0,0.0,0.0,0.0,-40.28125,-40.96875
blue,purple,"fn choose({A}, {B}) {{ return",0.0,0.0,0.0,0.0,-40.96875,-40.625
green,red,"fn choose({A}, {B}) {{ return",0.0,0.0,0.0,0.0,-43.0625,-44.0
green,blue,"fn choose({A}, {B}) {{ return",0.0,0.0,0.0,0.0,-43.65625,-42.25
green,yellow,"fn choose({A}, {B}) {{ return",0.0,0.0,0.0,0.0,-43.1875,-41.46875
green,purple,"fn choose({A}, {B}) {{ return",0.0,0.0,0.0,0.0,-43.46875,-40.71875
yellow,red,"fn choose({A}, {B}) {{ return",0.0,0.0,0.0,0.0,-40.6875,-44.375
yellow,blue,"fn choose({A}, {B}) {{ return",0.0,0.0,0.0,0.0,-40.15625,-41.6875
yellow,green,"fn choose({A}, {B}) {{ return",0.0,0.0,0.0,0.0,-40.5625,-44.28125
yellow,purple,"fn choose({A}, {B}) {{ return",0.0,0.0,0.0,0.0,-40.78125,-40.5625
purple,red,"fn choose({A}, {B}) {{ return",0.0,0.0,0.0,0.0,-39.9375,-44.625
purple,blue,"fn choose({A}, {B}) {{ return",0.0,0.0,0.0,0.0,-39.84375,-42.28125
purple,green,"fn choose({A}, {B}) {{ return",0.0,0.0,0.0,0.0,-39.84375,-44.53125
purple,yellow,"fn choose({A}, {B}) {{ return",0.0,0.0,0.0,0.0,-39.8125,-41.65625
red,blue,"Of {A} and {B}, I choose",0.0,0.0,2.562999725341797e-06,2.384185791015625e-07,-20.78125,-19.34375
red,green,"Of {A} and {B}, I choose",0.0,0.0,5.364418029785156e-07,5.960464477539063e-08,-21.90625,-20.34375
red,yellow,"Of {A} and {B}, I choose",0.0,0.0,0.0,0.0,-25.484375,-21.78125
red,purple,"Of {A} and {B}, I choose",0.0,0.0,0.0,0.0,-25.171875,-20.6875
blue,red,"Of {A} and {B}, I choose",0.0,0.0,4.172325134277344e-07,5.960464477539062e-07,-18.453125,-22.5
blue,green,"Of {A} and {B}, I choose",0.0,0.0,3.5762786865234375e-07,0.0,-19.203125,-23.609375
blue,yellow,"Of {A} and {B}, I choose",0.0,0.0,1.1920928955078125e-07,0.0,-20.3125,-20.0625
blue,purple,"Of {A} and {B}, I choose",0.0,0.0,5.960464477539063e-08,0.0,-21.21875,-20.21875
green,red,"Of {A} and {B}, I choose",0.0,0.0,0.0,5.960464477539063e-08,-22.78125,-24.46875
green,blue,"Of {A} and {B}, I choose",0.0,0.0,0.0,0.0,-22.53125,-23.515625
green,yellow,"Of {A} and {B}, I choose",0.0,0.0,0.0,0.0,-23.90625,-22.9375
green,purple,"Of {A} and {B}, I choose",0.0,0.0,0.0,0.0,-24.078125,-22.46875
yellow,red,"Of {A} and {B}, I choose",0.0,0.0,0.0,0.0,-19.34375,-27.421875
yellow,blue,"Of {A} and {B}, I choose",0.0,0.0,1.1920928955078125e-07,0.0,-17.578125,-21.96875
yellow,green,"Of {A} and {B}, I choose",0.0,0.0,5.960464477539063e-08,0.0,-19.140625,-26.265625
yellow,purple,"Of {A} and {B}, I choose",0.0,0.0,0.0,0.0,-21.078125,-21.5625
purple,red,"Of {A} and {B}, I choose",0.0,0.0,0.0,0.0,-18.90625,-28.84375
purple,blue,"Of {A} and {B}, I choose",0.0,0.0,0.0,0.0,-19.21875,-24.0
purple,green,"Of {A} and {B}, I choose",0.0,0.0,5.960464477539063e-08,0.0,-17.875,-25.5625
purple,yellow,"Of {A} and {B}, I choose",0.0,0.0,0.0,0.0,-19.734375,-24.015625
red,blue,"Between {A} and {B}, the winner is",0.0,0.0,8.344650268554688e-07,0.0,-22.578125,-29.359375
red,green,"Between {A} and {B}, the winner is",0.0,0.0,2.086162567138672e-06,0.0,-21.84375,-31.609375
red,yellow,"Between {A} and {B}, the winner is",0.0,0.0,7.748603820800781e-07,0.0,-22.890625,-27.28125
red,purple,"Between {A} and {B}, the winner is",0.0,0.0,1.6689300537109375e-06,0.0,-20.75,-25.46875
blue,red,"Between {A} and {B}, the winner is",0.0,0.0,2.384185791015625e-07,5.960464477539063e-08,-20.390625,-25.03125
blue,green,"Between {A} and {B}, the winner is",0.0,0.0,1.430511474609375e-06,0.0,-19.5,-27.6875
blue,yellow,"Between {A} and {B}, the winner is",0.0,0.0,5.960464477539063e-08,0.0,-22.421875,-25.8125
blue,purple,"Between {A} and {B}, the winner is",0.0,0.0,3.2186508178710938e-06,0.0,-18.234375,-22.578125
green,red,"Between {A} and {B}, the winner is",0.0,0.0,1.7881393432617188e-06,5.960464477539063e-08,-18.9375,-23.6875
green,blue,"Between {A} and {B}, the winner is",0.0,0.0,2.086162567138672e-06,0.0,-18.78125,-26.0625
green,yellow,"Between {A} and {B}, the winner is",0.0,0.0,3.5762786865234375e-07,0.0,-20.53125,-24.375
green,purple,"Between {A} and {B}, the winner is",0.0,0.0,5.841255187988281e-06,0.0,-17.46875,-23.109375
yellow,red,"Between {A} and {B}, the winner is",0.0,0.0,1.1920928955078125e-07,0.0,-19.453125,-27.734375
yellow,blue,"Between {A} and {B}, the winner is",0.0,0.0,3.5762786865234375e-07,0.0,-19.15625,-28.8125
yellow,green,"Between {A} and {B}, the winner is",0.0,0.0,4.172325134277344e-07,0.0,-18.125,-29.9375
yellow,purple,"Between {A} and {B}, the winner is",5.960464477539063e-08,0.0,4.172325134277344e-06,0.0,-16.640625,-24.609375
purple,red,"Between {A} and {B}, the winner is",0.0,0.0,5.960464477539063e-08,0.0,-17.578125,-26.75
purple,blue,"Between {A} and {B}, the winner is",5.960464477539063e-08,0.0,6.556510925292969e-07,0.0,-16.40625,-23.6875
purple,green,"Between {A} and {B}, the winner is",5.960464477539063e-08,0.0,6.556510925292969e-07,0.0,-16.46875,-26.296875
purple,yellow,"Between {A} and {B}, the winner is",5.960464477539063e-08,0.0,1.1920928955078125e-06,0.0,-16.484375,-24.375
red,blue,"Comparing {A} with {B}, the preference is",0.0,0.0,2.980232238769531e-07,0.0,-25.625,-29.453125
red,green,"Comparing {A} with {B}, the preference is",0.0,0.0,1.7881393432617188e-07,0.0,-25.25,-31.421875
red,yellow,"Comparing {A} with {B}, the preference is",0.0,0.0,1.1920928955078125e-07,0.0,-26.015625,-27.09375
red,purple,"Comparing {A} with {B}, the preference is",0.0,0.0,2.384185791015625e-07,0.0,-25.375,-29.203125
blue,red,"Comparing {A} with {B}, the preference is",0.0,0.0,1.1920928955078125e-07,0.0,-23.453125,-29.9375
blue,green,"Comparing {A} with {B}, the preference is",0.0,0.0,1.1920928955078125e-07,0.0,-23.359375,-30.578125
blue,yellow,"Comparing {A} with {B}, the preference is",0.0,0.0,1.1920928955078125e-07,0.0,-22.390625,-25.53125
blue,purple,"Comparing {A} with {B}, the preference is",0.0,0.0,4.172325134277344e-07,0.0,-21.265625,-28.28125
green,red,"Comparing {A} with {B}, the preference is",0.0,0.0,1.7881393432617188e-07,0.0,-23.375,-30.609375
green,blue,"Comparing {A} with {B}, the preference is",0.0,0.0,1.7881393432617188e-07,0.0,-23.0625,-29.140625
green,yellow,"Comparing {A} with {B}, the preference is",0.0,0.0,1.1920928955078125e-07,0.0,-23.734375,-26.65625
green,purple,"Comparing {A} with {B}, the preference is",0.0,0.0,1.1920928955078125e-07,0.0,-24.390625,-29.375
yellow,red,"Comparing {A} with {B}, the preference is",0.0,0.0,1.7881393432617188e-07,0.0,-20.75,-30.28125
yellow,blue,"Comparing {A} with {B}, the preference is",0.0,0.0,1.0728836059570312e-06,0.0,-18.765625,-28.3125
yellow,green,"Comparing {A} with {B}, the preference is",0.0,0.0,4.76837158203125e-07,0.0,-19.609375,-30.625
yellow,purple,"Comparing {A} with {B}, the preference is",0.0,0.0,8.344650268554688e-07,0.0,-19.28125,-28.140625
purple,red,"Comparing {A} with {B}, the preference is",0.0,0.0,5.960464477539063e-08,0.0,-26.1875,-30.828125
purple,blue,"Comparing {A} with {B}, the preference is",0.0,0.0,5.960464477539063e-08,0.0,-25.46875,-29.171875
purple,green,"Comparing {A} with {B}, the preference is",0.0,0.0,5.960464477539063e-08,0.0,-25.453125,-30.984375
purple,yellow,"Comparing {A} with {B}, the preference is",0.0,0.0,5.960464477539063e-08,0.0,-25.0625,-26.546875
red,blue,"Alternatives: {A}, {B}. Decision:",0.0,0.0,1.7881393432617188e-07,0.0,-21.84375,-21.421875
red,green,"Alternatives: {A}, {B}. Decision:",0.0,0.0,2.384185791015625e-07,0.0,-21.140625,-23.5
red,yellow,"Alternatives: {A}, {B}. Decision:",0.0,0.0,0.0,0.0,-23.140625,-19.171875
red,purple,"Alternatives: {A}, {B}. Decision:",0.0,0.0,0.0,0.0,-23.140625,-20.765625
blue,red,"Alternatives: {A}, {B}. Decision:",0.0,0.0,1.1920928955078125e-07,0.0,-17.65625,-25.109375
blue,green,"Alternatives: {A}, {B}. Decision:",0.0,0.0,1.1920928955078125e-07,0.0,-17.890625,-23.6875
blue,yellow,"Alternatives: {A}, {B}. Decision:",0.0,0.0,0.0,0.0,-18.953125,-19.40625
blue,purple,"Alternatives: {A}, {B}. Decision:",0.0,0.0,5.960464477539063e-08,0.0,-18.1875,-19.265625
green,red,"Alternatives: {A}, {B}. Decision:",0.0,0.0,0.0,0.0,-19.15625,-25.0625
green,blue,"Alternatives: {A}, {B}. Decision:",0.0,0.0,0.0,0.0,-20.3125,-20.765625
green,yellow,"Alternatives: {A}, {B}. Decision:",0.0,0.0,0.0,0.0,-20.78125,-19.03125
green,purple,"Alternatives: {A}, {B}. Decision:",0.0,0.0,0.0,0.0,-20.4375,-22.125
yellow,red,"Alternatives: {A}, {B}. Decision:",1.7881393432617188e-07,0.0,2.384185791015625e-07,0.0,-15.65625,-27.328125
yellow,blue,"Alternatives: {A}, {B}. Decision:",1.7881393432617188e-07,0.0,2.384185791015625e-07,0.0,-15.4453125,-23.296875
yellow,green,"Alternatives: {A}, {B}. Decision:",1.1920928955078125e-07,0.0,1.7881393432617188e-07,0.0,-15.796875,-26.078125
yellow,purple,"Alternatives: {A}, {B}. Decision:",5.960464477539063e-08,0.0,5.960464477539063e-08,0.0,-17.21875,-24.328125
purple,red,"Alternatives: {A}, {B}. Decision:",0.0,0.0,0.0,0.0,-17.4375,-26.65625
purple,blue,"Alternatives: {A}, {B}. Decision:",5.960464477539063e-08,0.0,1.1920928955078125e-07,0.0,-17.015625,-21.125
purple,green,"Alternatives: {A}, {B}. Decision:",0.0,0.0,0.0,0.0,-18.09375,-25.953125
purple,yellow,"Alternatives: {A}, {B}. Decision:",0.0,0.0,0.0,0.0,-19.046875,-22.53125
red,blue,Poll: {A} vs {B}. Majority:,0.0,0.0,2.0265579223632812e-06,0.0,-18.796875,-23.3125
red,green,Poll: {A} vs {B}. Majority:,0.0,0.0,1.3709068298339844e-06,0.0,-18.96875,-27.25
red,yellow,Poll: {A} vs {B}. Majority:,0.0,0.0,1.7881393432617188e-07,0.0,-20.828125,-22.078125
red,purple,Poll: {A} vs {B}. Majority:,0.0,0.0,8.940696716308594e-07,0.0,-19.921875,-24.625
blue,red,Poll: {A} vs {B}. Majority:,1.1920928955078125e-07,0.0,8.940696716308594e-07,0.0,-16.21875,-23.21875
blue,green,Poll: {A} vs {B}. Majority:,2.384185791015625e-07,0.0,1.1324882507324219e-06,0.0,-15.3125,-24.8125
blue,yellow,Poll: {A} vs {B}. Majority:,1.1920928955078125e-07,0.0,6.556510925292969e-07,0.0,-16.203125,-20.671875
blue,purple,Poll: {A} vs {B}. Majority:,1.7881393432617188e-07,0.0,1.3113021850585938e-06,0.0,-15.6640625,-23.59375
green,red,Poll: {A} vs {B}. Majority:,0.0,0.0,2.384185791015625e-07,0.0,-18.421875,-24.203125
green,blue,Poll: {A} vs {B}. Majority:,0.0,0.0,3.5762786865234375e-07,0.0,-18.140625,-20.15625
green,yellow,Poll: {A} vs {B}. Majority:,0.0,0.0,5.960464477539063e-08,0.0,-18.875,-22.0625
green,purple,Poll: {A} vs {B}. Majority:,0.0,0.0,4.76837158203125e-07,0.0,-17.859375,-25.875
yellow,red,Poll: {A} vs {B}. Majority:,1.7881393432617188e-07,0.0,4.172325134277344e-07,0.0,-15.6484375,-26.0625
yellow,blue,Poll: {A} vs {B}. Majority:,5.364418029785156e-07,0.0,1.3113021850585938e-06,0.0,-14.453125,-21.75
yellow,green,Poll: {A} vs {B}. Majority:,4.172325134277344e-07,0.0,9.5367431640625e-07,0.0,-14.734375,-26.34375
yellow,purple,Poll: {A} vs {B}. Majority:,2.980232238769531e-07,0.0,1.0132789611816406e-06,0.0,-15.03125,-25.5
purple,red,Poll: {A} vs {B}. Majority:,0.0,0.0,2.384185791015625e-07,0.0,-18.609375,-24.1875
purple,blue,Poll: {A} vs {B}. Majority:,0.0,0.0,2.980232238769531e-07,5.960464477539063e-08,-18.421875,-18.96875
purple,green,Poll: {A} vs {B}. Majority:,0.0,0.0,2.980232238769531e-07,0.0,-17.953125,-23.765625
purple,yellow,Poll: {A} vs {B}. Majority:,0.0,0.0,2.384185791015625e-07,0.0,-18.546875,-21.96875
red,blue,Test: {A} vs {B}. Outcome:,0.0,0.0,5.960464477539063e-08,0.0,-21.46875,-28.453125
red,green,Test: {A} vs {B}. Outcome:,0.0,0.0,0.0,0.0,-23.109375,-32.59375
red,yellow,Test: {A} vs {B}. Outcome:,0.0,0.0,0.0,0.0,-26.71875,-28.96875
red,purple,Test: {A} vs {B}. Outcome:,0.0,0.0,0.0,0.0,-23.71875,-28.484375
blue,red,Test: {A} vs {B}. Outcome:,0.0,0.0,0.0,0.0,-19.875,-29.703125
blue,green,Test: {A} vs {B}. Outcome:,0.0,0.0,0.0,0.0,-19.96875,-32.125
blue,yellow,Test: {A} vs {B}. Outcome:,0.0,0.0,0.0,0.0,-20.328125,-26.71875
blue,purple,Test: {A} vs {B}. Outcome:,0.0,0.0,1.1920928955078125e-07,0.0,-17.359375,-27.0
green,red,Test: {A} vs {B}. Outcome:,0.0,0.0,0.0,0.0,-22.828125,-32.3125
green,blue,Test: {A} vs {B}. Outcome:,0.0,0.0,0.0,0.0,-21.71875,-28.78125
green,yellow,Test: {A} vs {B}. Outcome:,0.0,0.0,0.0,0.0,-24.25,-28.890625
green,purple,Test: {A} vs {B}. Outcome:,0.0,0.0,0.0,0.0,-22.9375,-30.734375
yellow,red,Test: {A} vs {B}. Outcome:,0.0,0.0,0.0,0.0,-20.015625,-35.125
yellow,blue,Test: {A} vs {B}. Outcome:,5.960464477539063e-08,0.0,1.7881393432617188e-07,0.0,-17.0625,-26.96875
yellow,green,Test: {A} vs {B}. Outcome:,0.0,0.0,0.0,0.0,-19.265625,-34.59375
yellow,purple,Test: {A} vs {B}. Outcome:,0.0,0.0,5.960464477539063e-08,0.0,-18.34375,-30.234375
purple,red,Test: {A} vs {B}. Outcome:,0.0,0.0,0.0,0.0,-17.96875,-33.3125
purple,blue,Test: {A} vs {B}. Outcome:,5.960464477539063e-08,0.0,1.1920928955078125e-07,0.0,-16.328125,-27.4375
purple,green,Test: {A} vs {B}. Outcome:,0.0,0.0,0.0,0.0,-20.21875,-33.40625
purple,yellow,Test: {A} vs {B}. Outcome:,0.0,0.0,0.0,0.0,-20.375,-29.609375
red,blue,"Filter: {A}, {B}. Retain:",0.0,0.0,0.0,0.0,-26.5625,-29.25
red,green,"Filter: {A}, {B}. Retain:",0.0,0.0,0.0,0.0,-26.640625,-33.65625
red,yellow,"Filter: {A}, {B}. Retain:",0.0,0.0,0.0,0.0,-26.921875,-28.78125
red,purple,"Filter: {A}, {B}. Retain:",0.0,0.0,0.0,0.0,-26.796875,-27.625
blue,red,"Filter: {A}, {B}. Retain:",0.0,0.0,0.0,0.0,-22.015625,-30.484375
blue,green,"Filter: {A}, {B}. Retain:",0.0,0.0,0.0,0.0,-22.9375,-33.125
blue,yellow,"Filter: {A}, {B}. Retain:",0.0,0.0,0.0,0.0,-21.953125,-26.078125
blue,purple,"Filter: {A}, {B}. Retain:",0.0,0.0,5.960464477539063e-08,0.0,-21.671875,-27.25
green,red,"Filter: {A}, {B}. Retain:",0.0,0.0,0.0,0.0,-25.1875,-32.75
green,blue,"Filter: {A}, {B}. Retain:",0.0,0.0,0.0,0.0,-24.796875,-29.4375
green,yellow,"Filter: {A}, {B}. Retain:",0.0,0.0,0.0,0.0,-24.765625,-29.03125
green,purple,"Filter: {A}, {B}. Retain:",0.0,0.0,0.0,0.0,-25.0,-28.8125
yellow,red,"Filter: {A}, {B}. Retain:",0.0,0.0,0.0,0.0,-19.34375,-31.984375
yellow,blue,"Filter: {A}, {B}. Retain:",0.0,0.0,5.960464477539063e-08,0.0,-18.265625,-28.4375
yellow,green,"Filter: {A}, {B}. Retain:",0.0,0.0,5.960464477539063e-08,0.0,-18.796875,-33.59375
yellow,purple,"Filter: {A}, {B}. Retain:",0.0,0.0,5.960464477539063e-08,0.0,-18.4375,-27.9375
purple,red,"Filter: {A}, {B}. Retain:",0.0,0.0,0.0,0.0,-19.5,-31.859375
purple,blue,"Filter: {A}, {B}. Retain:",0.0,0.0,5.960464477539063e-08,0.0,-18.921875,-28.53125
purple,green,"Filter: {A}, {B}. Retain:",0.0,0.0,0.0,0.0,-19.796875,-33.40625
purple,yellow,"Filter: {A}, {B}. Retain:",0.0,0.0,0.0,0.0,-19.34375,-27.40625
red,blue,"Mode: Select.
1. {A}
2. {B}
> ",0.0,5.960464477539063e-08,0.0,1.7881393432617188e-07,-22.0625,-16.578125
red,green,"Mode: Select.
1. {A}
2. {B}
> ",0.0,0.0,0.0,0.0,-21.59375,-17.46875
red,yellow,"Mode: Select.
1. {A}
2. {B}
> ",0.0,2.980232238769531e-07,0.0,3.5762786865234375e-07,-23.21875,-15.046875
red,purple,"Mode: Select.
1. {A}
2. {B}
> ",0.0,1.7881393432617188e-06,0.0,2.086162567138672e-06,-22.96875,-13.21875
blue,red,"Mode: Select.
1. {A}
2. {B}
> ",5.960464477539063e-08,0.0,1.1920928955078125e-07,0.0,-16.328125,-22.21875
blue,green,"Mode: Select.
1. {A}
2. {B}
> ",5.960464477539063e-08,0.0,1.1920928955078125e-07,0.0,-16.90625,-17.40625
blue,yellow,"Mode: Select.
1. {A}
2. {B}
> ",0.0,1.7881393432617188e-07,0.0,2.384185791015625e-07,-17.640625,-15.625
blue,purple,"Mode: Select.
1. {A}
2. {B}
> ",5.960464477539063e-08,1.6689300537109375e-06,1.1920928955078125e-07,2.205371856689453e-06,-17.328125,-13.3125
green,red,"Mode: Select.
1. {A}
2. {B}
> ",0.0,0.0,0.0,0.0,-17.625,-22.59375
green,blue,"Mode: Select.
1. {A}
2. {B}
> ",0.0,5.960464477539063e-08,0.0,2.384185791015625e-07,-18.953125,-16.4375
green,yellow,"Mode: Select.
1. {A}
2. {B}
> ",0.0,5.364418029785156e-07,0.0,7.152557373046875e-07,-20.03125,-14.4375
green,purple,"Mode: Select.
1. {A}
2. {B}
> ",0.0,9.5367431640625e-07,0.0,1.1920928955078125e-06,-17.703125,-13.890625
yellow,red,"Mode: Select.
1. {A}
2. {B}
> ",1.1920928955078125e-07,0.0,1.1920928955078125e-07,0.0,-16.171875,-21.484375
yellow,blue,"Mode: Select.
1. {A}
2. {B}
> ",5.960464477539063e-08,5.960464477539063e-08,5.960464477539063e-08,1.1920928955078125e-07,-16.34375,-17.109375
yellow,green,"Mode: Select.
1. {A}
2. {B}
> ",2.384185791015625e-07,5.960464477539063e-08,3.5762786865234375e-07,5.960464477539063e-08,-15.1875,-17.328125
yellow,purple,"Mode: Select.
1. {A}
2. {B}
> ",1.1920928955078125e-07,1.0132789611816406e-06,1.7881393432617188e-07,1.3113021850585938e-06,-16.09375,-13.8125
purple,red,"Mode: Select.
1. {A}
2. {B}
> ",0.0,0.0,0.0,1.7881393432617188e-07,-17.390625,-19.78125
purple,blue,"Mode: Select.
1. {A}
2. {B}
> ",0.0,1.7881393432617188e-07,0.0,6.556510925292969e-07,-17.78125,-15.4375
purple,green,"Mode: Select.
1. {A}
2. {B}
> ",1.7881393432617188e-07,5.960464477539063e-08,2.384185791015625e-07,5.960464477539063e-08,-15.421875,-16.71875
purple,yellow,"Mode: Select.
1. {A}
2. {B}
> ",5.960464477539063e-08,2.980232238769531e-07,5.960464477539063e-08,4.172325134277344e-07,-16.453125,-15.125
red,blue,"Query: SELECT * FROM colors WHERE name IN ('{A}', '{B}') ORDER BY rank LIMIT 1; Result:",0.0,0.0,0.0,0.0,-39.03125,-36.21875
red,green,"Query: SELECT * FROM colors WHERE name IN ('{A}', '{B}') ORDER BY rank LIMIT 1; Result:",0.0,0.0,0.0,0.0,-38.90625,-37.15625
red,yellow,"Query: SELECT * FROM colors WHERE name IN ('{A}', '{B}') ORDER BY rank LIMIT 1; Result:",0.0,0.0,0.0,0.0,-39.0,-36.28125
red,purple,"Query: SELECT * FROM colors WHERE name IN ('{A}', '{B}') ORDER BY rank LIMIT 1; Result:",0.0,0.0,0.0,0.0,-39.15625,-34.34375
blue,red,"Query: SELECT * FROM colors WHERE name IN ('{A}', '{B}') ORDER BY rank LIMIT 1; Result:",0.0,0.0,0.0,0.0,-35.65625,-39.375
blue,green,"Query: SELECT * FROM colors WHERE name IN ('{A}', '{B}') ORDER BY rank LIMIT 1; Result:",0.0,0.0,0.0,0.0,-35.4375,-37.125
blue,yellow,"Query: SELECT * FROM colors WHERE name IN ('{A}', '{B}') ORDER BY rank LIMIT 1; Result:",0.0,0.0,0.0,0.0,-35.34375,-36.09375
blue,purple,"Query: SELECT * FROM colors WHERE name IN ('{A}', '{B}') ORDER BY rank LIMIT 1; Result:",0.0,0.0,0.0,0.0,-35.28125,-33.84375
green,red,"Query: SELECT * FROM colors WHERE name IN ('{A}', '{B}') ORDER BY rank LIMIT 1; Result:",0.0,0.0,0.0,0.0,-36.75,-39.4375
green,blue,"Query: SELECT * FROM colors WHERE name IN ('{A}', '{B}') ORDER BY rank LIMIT 1; Result:",0.0,0.0,0.0,0.0,-36.59375,-36.03125
green,yellow,"Query: SELECT * FROM colors WHERE name IN ('{A}', '{B}') ORDER BY rank LIMIT 1; Result:",0.0,0.0,0.0,0.0,-36.59375,-36.15625
green,purple,"Query: SELECT * FROM colors WHERE name IN ('{A}', '{B}') ORDER BY rank LIMIT 1; Result:",0.0,0.0,0.0,0.0,-36.5625,-34.0
yellow,red,"Query: SELECT * FROM colors WHERE name IN ('{A}', '{B}') ORDER BY rank LIMIT 1; Result:",0.0,0.0,0.0,0.0,-35.59375,-39.28125
yellow,blue,"Query: SELECT * FROM colors WHERE name IN ('{A}', '{B}') ORDER BY rank LIMIT 1; Result:",0.0,0.0,0.0,0.0,-35.5,-36.03125
yellow,green,"Query: SELECT * FROM colors WHERE name IN ('{A}', '{B}') ORDER BY rank LIMIT 1; Result:",0.0,0.0,0.0,0.0,-35.5,-37.1875
yellow,purple,"Query: SELECT * FROM colors WHERE name IN ('{A}', '{B}') ORDER BY rank LIMIT 1; Result:",0.0,0.0,0.0,0.0,-35.5,-34.03125
purple,red,"Query: SELECT * FROM colors WHERE name IN ('{A}', '{B}') ORDER BY rank LIMIT 1; Result:",0.0,0.0,0.0,0.0,-33.59375,-39.53125
purple,blue,"Query: SELECT * FROM colors WHERE name IN ('{A}', '{B}') ORDER BY rank LIMIT 1; Result:",0.0,0.0,0.0,0.0,-33.4375,-35.96875
purple,green,"Query: SELECT * FROM colors WHERE name IN ('{A}', '{B}') ORDER BY rank LIMIT 1; Result:",0.0,0.0,0.0,0.0,-33.46875,-37.34375
purple,yellow,"Query: SELECT * FROM colors WHERE name IN ('{A}', '{B}') ORDER BY rank LIMIT 1; Result:",0.0,0.0,0.0,0.0,-33.53125,-36.28125
red,blue,"YAML:
  opt1: {A}
  opt2: {B}
  use: ",0.0,0.0,0.0,0.0,-40.9375,-38.625
red,green,"YAML:
  opt1: {A}
  opt2: {B}
  use: ",0.0,0.0,0.0,0.0,-41.0,-40.28125
red,yellow,"YAML:
  opt1: {A}
  opt2: {B}
  use: ",0.0,0.0,0.0,0.0,-41.28125,-38.375
red,purple,"YAML:
  opt1: {A}
  opt2: {B}
  use: ",0.0,0.0,0.0,0.0,-40.75,-37.96875
blue,red,"YAML:
  opt1: {A}
  opt2: {B}
  use: ",0.0,0.0,0.0,0.0,-38.75,-42.25
blue,green,"YAML:
  opt1: {A}
  opt2: {B}
  use: ",0.0,0.0,0.0,0.0,-39.15625,-41.125
blue,yellow,"YAML:
  opt1: {A}
  opt2: {B}
  use: ",0.0,0.0,0.0,0.0,-38.40625,-38.625
blue,purple,"YAML:
  opt1: {A}
  opt2: {B}
  use: ",0.0,0.0,0.0,0.0,-38.53125,-38.78125
green,red,"YAML:
  opt1: {A}
  opt2: {B}
  use: ",0.0,0.0,0.0,0.0,-40.375,-41.90625
green,blue,"YAML:
  opt1: {A}
  opt2: {B}
  use: ",0.0,0.0,0.0,0.0,-40.53125,-39.375
green,yellow,"YAML:
  opt1: {A}
  opt2: {B}
  use: ",0.0,0.0,0.0,0.0,-40.46875,-38.71875
green,purple,"YAML:
  opt1: {A}
  opt2: {B}
  use: ",0.0,0.0,0.0,0.0,-40.34375,-38.78125
yellow,red,"YAML:
  opt1: {A}
  opt2: {B}
  use: ",0.0,0.0,0.0,0.0,-37.53125,-41.46875
yellow,blue,"YAML:
  opt1: {A}
  opt2: {B}
  use: ",0.0,0.0,0.0,0.0,-37.9375,-38.90625
yellow,green,"YAML:
  opt1: {A}
  opt2: {B}
  use: ",0.0,0.0,0.0,0.0,-37.59375,-40.34375
yellow,purple,"YAML:
  opt1: {A}
  opt2: {B}
  use: ",0.0,0.0,0.0,0.0,-37.71875,-38.34375
purple,red,"YAML:
  opt1: {A}
  opt2: {B}
  use: ",0.0,0.0,0.0,0.0,-37.34375,-41.59375
purple,blue,"YAML:
  opt1: {A}
  opt2: {B}
  use: ",0.0,0.0,0.0,0.0,-37.46875,-38.78125
purple,green,"YAML:
  opt1: {A}
  opt2: {B}
  use: ",0.0,0.0,0.0,0.0,-37.40625,-40.375
purple,yellow,"YAML:
  opt1: {A}
  opt2: {B}
  use: ",0.0,0.0,0.0,0.0,-37.375,-38.3125
red,blue,... {A} ... {B} ... Select:,0.0,0.0,0.0,0.0,-27.375,-30.375
red,green,... {A} ... {B} ... Select:,0.0,0.0,0.0,0.0,-28.1875,-35.96875
red,yellow,... {A} ... {B} ... Select:,0.0,0.0,0.0,0.0,-28.59375,-32.34375
red,purple,... {A} ... {B} ... Select:,0.0,0.0,0.0,0.0,-27.0,-26.203125
blue,red,... {A} ... {B} ... Select:,0.0,0.0,0.0,0.0,-22.0,-31.234375
blue,green,... {A} ... {B} ... Select:,0.0,0.0,0.0,0.0,-23.28125,-32.59375
blue,yellow,... {A} ... {B} ... Select:,0.0,0.0,0.0,0.0,-22.984375,-29.625
blue,purple,... {A} ... {B} ... Select:,0.0,0.0,0.0,0.0,-22.546875,-25.0
green,red,... {A} ... {B} ... Select:,0.0,0.0,0.0,0.0,-24.5,-34.84375
green,blue,... {A} ... {B} ... Select:,0.0,0.0,0.0,0.0,-24.21875,-29.71875
green,yellow,... {A} ... {B} ... Select:,0.0,0.0,0.0,0.0,-26.015625,-32.28125
green,purple,... {A} ... {B} ... Select:,0.0,0.0,0.0,0.0,-24.34375,-29.734375
yellow,red,... {A} ... {B} ... Select:,0.0,0.0,0.0,0.0,-20.796875,-35.03125
yellow,blue,... {A} ... {B} ... Select:,0.0,0.0,0.0,0.0,-20.21875,-30.5625
yellow,green,... {A} ... {B} ... Select:,0.0,0.0,0.0,0.0,-21.625,-36.34375
yellow,purple,... {A} ... {B} ... Select:,0.0,0.0,0.0,0.0,-21.234375,-30.671875
purple,red,... {A} ... {B} ... Select:,0.0,0.0,0.0,0.0,-21.0,-32.78125
purple,blue,... {A} ... {B} ... Select:,0.0,0.0,0.0,0.0,-21.28125,-28.96875
purple,green,... {A} ... {B} ... Select:,0.0,0.0,0.0,0.0,-22.625,-35.03125
purple,yellow,... {A} ... {B} ... Select:,0.0,0.0,0.0,0.0,-22.859375,-31.6875
red,blue,Target: {A} or {B}. Lock:,0.0,0.0,0.0,0.0,-26.328125,-30.890625
red,green,Target: {A} or {B}. Lock:,0.0,0.0,0.0,0.0,-27.15625,-34.3125
red,yellow,Target: {A} or {B}. Lock:,0.0,0.0,0.0,0.0,-27.984375,-30.34375
red,purple,Target: {A} or {B}. Lock:,0.0,0.0,0.0,0.0,-29.28125,-31.859375
blue,red,Target: {A} or {B}. Lock:,0.0,0.0,0.0,0.0,-23.765625,-29.109375
blue,green,Target: {A} or {B}. Lock:,0.0,0.0,0.0,0.0,-24.4375,-32.46875
blue,yellow,Target: {A} or {B}. Lock:,0.0,0.0,0.0,0.0,-23.9375,-27.109375
blue,purple,Target: {A} or {B}. Lock:,0.0,0.0,0.0,0.0,-27.234375,-31.421875
green,red,Target: {A} or {B}. Lock:,0.0,0.0,0.0,0.0,-29.234375,-31.890625
green,blue,Target: {A} or {B}. Lock:,0.0,0.0,0.0,0.0,-26.921875,-31.390625
green,yellow,Target: {A} or {B}. Lock:,0.0,0.0,0.0,0.0,-28.0625,-30.265625
green,purple,Target: {A} or {B}. Lock:,0.0,0.0,0.0,0.0,-29.96875,-32.90625
yellow,red,Target: {A} or {B}. Lock:,0.0,0.0,0.0,0.0,-24.6875,-31.875
yellow,blue,Target: {A} or {B}. Lock:,0.0,0.0,0.0,0.0,-21.625,-29.484375
yellow,green,Target: {A} or {B}. Lock:,0.0,0.0,0.0,0.0,-23.0,-33.25
yellow,purple,Target: {A} or {B}. Lock:,0.0,0.0,0.0,0.0,-24.703125,-31.734375
purple,red,Target: {A} or {B}. Lock:,0.0,0.0,0.0,0.0,-26.4375,-33.59375
purple,blue,Target: {A} or {B}. Lock:,0.0,0.0,0.0,0.0,-25.4375,-32.53125
purple,green,Target: {A} or {B}. Lock:,0.0,0.0,0.0,0.0,-24.921875,-35.6875
purple,yellow,Target: {A} or {B}. Lock:,0.0,0.0,0.0,0.0,-25.828125,-31.25
red,blue,State: {A} | {B}. Current:,0.0,0.0,5.364418029785156e-07,0.0,-22.046875,-28.28125
red,green,State: {A} | {B}. Current:,0.0,0.0,1.7881393432617188e-07,0.0,-22.78125,-31.515625
red,yellow,State: {A} | {B}. Current:,0.0,0.0,0.0,0.0,-26.640625,-27.109375
red,purple,State: {A} | {B}. Current:,0.0,0.0,5.960464477539063e-08,0.0,-24.046875,-29.0
blue,red,State: {A} | {B}. Current:,0.0,0.0,1.7881393432617188e-07,0.0,-18.90625,-27.90625
blue,green,State: {A} | {B}. Current:,0.0,0.0,5.960464477539063e-08,0.0,-20.765625,-32.78125
blue,yellow,State: {A} | {B}. Current:,0.0,0.0,5.960464477539063e-08,0.0,-20.125,-25.59375
blue,purple,State: {A} | {B}. Current:,0.0,0.0,1.7881393432617188e-07,0.0,-19.59375,-26.6875
green,red,State: {A} | {B}. Current:,0.0,0.0,0.0,0.0,-23.140625,-27.78125
green,blue,State: {A} | {B}. Current:,0.0,0.0,0.0,0.0,-23.953125,-28.4375
green,yellow,State: {A} | {B}. Current:,0.0,0.0,0.0,0.0,-27.625,-25.109375
green,purple,State: {A} | {B}. Current:,0.0,0.0,0.0,0.0,-24.25,-28.90625
yellow,red,State: {A} | {B}. Current:,0.0,0.0,5.960464477539063e-08,0.0,-18.390625,-29.6875
yellow,blue,State: {A} | {B}. Current:,5.960464477539063e-08,0.0,7.748603820800781e-07,0.0,-16.59375,-28.15625
yellow,green,State: {A} | {B}. Current:,0.0,0.0,5.960464477539063e-08,0.0,-18.5,-33.3125
yellow,purple,State: {A} | {B}. Current:,0.0,0.0,5.960464477539063e-08,0.0,-18.65625,-29.234375
purple,red,State: {A} | {B}. Current:,0.0,0.0,0.0,0.0,-19.125,-29.453125
purple,blue,State: {A} | {B}. Current:,0.0,0.0,0.0,0.0,-19.875,-26.5
purple,green,State: {A} | {B}. Current:,0.0,0.0,0.0,0.0,-19.21875,-33.46875
purple,yellow,State: {A} | {B}. Current:,0.0,0.0,0.0,0.0,-19.796875,-27.671875
red,blue,Match: {A} vs {B}. Winner:,5.960464477539063e-08,0.0,2.2172927856445312e-05,0.0,-16.75,-26.84375
red,green,Match: {A} vs {B}. Winner:,0.0,0.0,1.9669532775878906e-06,0.0,-17.84375,-30.53125
red,yellow,Match: {A} vs {B}. Winner:,0.0,0.0,2.980232238769531e-07,0.0,-20.0625,-25.421875
red,purple,Match: {A} vs {B}. Winner:,0.0,0.0,2.8014183044433594e-06,0.0,-17.78125,-25.609375
blue,red,Match: {A} vs {B}. Winner:,7.152557373046875e-07,0.0,2.8014183044433594e-06,0.0,-14.125,-24.78125
blue,green,Match: {A} vs {B}. Winner:,7.748603820800781e-07,0.0,2.562999725341797e-06,0.0,-14.0390625,-27.078125
blue,yellow,Match: {A} vs {B}. Winner:,2.384185791015625e-07,0.0,1.1920928955078125e-06,0.0,-15.296875,-22.15625
blue,purple,Match: {A} vs {B}. Winner:,6.9141387939453125e-06,0.0,3.1113624572753906e-05,0.0,-11.8828125,-21.390625
green,red,Match: {A} vs {B}. Winner:,1.7881393432617188e-07,0.0,2.384185791015625e-06,0.0,-15.5859375,-26.53125
green,blue,Match: {A} vs {B}. Winner:,4.172325134277344e-07,0.0,3.2782554626464844e-06,0.0,-14.6875,-23.4375
green,yellow,Match: {A} vs {B}. Winner:,1.1920928955078125e-07,0.0,1.0132789611816406e-06,0.0,-16.203125,-22.578125
green,purple,Match: {A} vs {B}. Winner:,2.384185791015625e-07,0.0,3.933906555175781e-06,0.0,-15.2109375,-25.109375
yellow,red,Match: {A} vs {B}. Winner:,5.960464477539062e-07,0.0,2.9802322387695312e-06,0.0,-14.359375,-28.484375
yellow,blue,Match: {A} vs {B}. Winner:,2.384185791015625e-07,0.0,1.0132789611816406e-06,0.0,-15.2734375,-24.703125
yellow,green,Match: {A} vs {B}. Winner:,1.9669532775878906e-06,0.0,7.033348083496094e-06,0.0,-13.140625,-28.71875
yellow,purple,Match: {A} vs {B}. Winner:,2.2649765014648438e-06,0.0,1.138448715209961e-05,0.0,-12.9921875,-25.359375
purple,red,Match: {A} vs {B}. Winner:,8.344650268554688e-07,0.0,3.337860107421875e-06,0.0,-14.015625,-26.171875
purple,blue,Match: {A} vs {B}. Winner:,7.450580596923828e-06,0.0,2.4080276489257812e-05,0.0,-11.8046875,-20.0625
purple,green,Match: {A} vs {B}. Winner:,1.6093254089355469e-06,0.0,5.841255187988281e-06,0.0,-13.3359375,-25.203125
purple,yellow,Match: {A} vs {B}. Winner:,2.980232238769531e-07,0.0,1.4901161193847656e-06,0.0,-15.0625,-24.671875
red,blue,"Priority: {A}, {B}. High:",0.0,0.0,0.0,0.0,-30.5,-33.34375
red,green,"Priority: {A}, {B}. High:",0.0,0.0,0.0,0.0,-32.5625,-37.875
red,yellow,"Priority: {A}, {B}. High:",0.0,0.0,0.0,0.0,-35.40625,-37.59375
red,purple,"Priority: {A}, {B}. High:",0.0,0.0,0.0,0.0,-34.59375,-34.34375
blue,red,"Priority: {A}, {B}. High:",0.0,0.0,0.0,0.0,-31.765625,-36.5625
blue,green,"Priority: {A}, {B}. High:",0.0,0.0,0.0,0.0,-33.375,-40.5625
blue,yellow,"Priority: {A}, {B}. High:",0.0,0.0,0.0,0.0,-32.25,-35.6875
blue,purple,"Priority: {A}, {B}. High:",0.0,0.0,0.0,0.0,-31.484375,-34.8125
green,red,"Priority: {A}, {B}. High:",0.0,0.0,0.0,0.0,-31.40625,-37.40625
green,blue,"Priority: {A}, {B}. High:",0.0,0.0,0.0,0.0,-33.25,-36.21875
green,yellow,"Priority: {A}, {B}. High:",0.0,0.0,0.0,0.0,-34.21875,-38.0
green,purple,"Priority: {A}, {B}. High:",0.0,0.0,0.0,0.0,-33.71875,-36.15625
yellow,red,"Priority: {A}, {B}. High:",0.0,0.0,0.0,0.0,-31.71875,-38.90625
yellow,blue,"Priority: {A}, {B}. High:",0.0,0.0,0.0,0.0,-26.765625,-33.6875
yellow,green,"Priority: {A}, {B}. High:",0.0,0.0,0.0,0.0,-30.890625,-39.3125
yellow,purple,"Priority: {A}, {B}. High:",0.0,0.0,0.0,0.0,-27.046875,-32.3125
purple,red,"Priority: {A}, {B}. High:",0.0,0.0,0.0,0.0,-27.703125,-38.75
purple,blue,"Priority: {A}, {B}. High:",0.0,0.0,0.0,0.0,-27.953125,-35.65625
purple,green,"Priority: {A}, {B}. High:",0.0,0.0,0.0,0.0,-28.640625,-40.1875
purple,yellow,"Priority: {A}, {B}. High:",0.0,0.0,0.0,0.0,-27.71875,-35.125
red,blue,"Stack: {A}, {B}. Pop:",0.0,0.0,7.152557373046875e-07,0.0,-23.734375,-23.96875
red,green,"Stack: {A}, {B}. Pop:",0.0,0.0,1.1920928955078125e-07,0.0,-24.4375,-27.96875
red,yellow,"Stack: {A}, {B}. Pop:",0.0,0.0,2.5033950805664062e-06,0.0,-24.875,-26.953125
red,purple,"Stack: {A}, {B}. Pop:",0.0,0.0,2.9206275939941406e-06,0.0,-23.65625,-25.03125
blue,red,"Stack: {A}, {B}. Pop:",0.0,0.0,2.980232238769531e-07,0.0,-26.359375,-28.0625
blue,green,"Stack: {A}, {B}. Pop:",0.0,0.0,1.7881393432617188e-07,0.0,-22.546875,-26.484375
blue,yellow,"Stack: {A}, {B}. Pop:",0.0,0.0,1.3113021850585938e-06,0.0,-25.59375,-26.890625
blue,purple,"Stack: {A}, {B}. Pop:",0.0,0.0,4.172325134277344e-06,0.0,-22.703125,-23.828125
green,red,"Stack: {A}, {B}. Pop:",0.0,0.0,1.1920928955078125e-07,0.0,-27.96875,-29.328125
green,blue,"Stack: {A}, {B}. Pop:",0.0,0.0,2.980232238769531e-07,0.0,-25.75,-28.890625
green,yellow,"Stack: {A}, {B}. Pop:",0.0,0.0,8.344650268554688e-07,0.0,-26.421875,-27.921875
green,purple,"Stack: {A}, {B}. Pop:",0.0,0.0,3.337860107421875e-06,0.0,-25.046875,-25.921875
yellow,red,"Stack: {A}, {B}. Pop:",0.0,0.0,4.5299530029296875e-06,0.0,-22.046875,-28.15625
yellow,blue,"Stack: {A}, {B}. Pop:",0.0,0.0,2.5033950805664062e-06,0.0,-21.0625,-27.96875
yellow,green,"Stack: {A}, {B}. Pop:",0.0,0.0,3.039836883544922e-06,0.0,-20.765625,-29.453125
yellow,purple,"Stack: {A}, {B}. Pop:",0.0,0.0,8.225440979003906e-06,0.0,-19.078125,-23.84375
purple,red,"Stack: {A}, {B}. Pop:",0.0,0.0,2.205371856689453e-06,0.0,-20.59375,-28.609375
purple,blue,"Stack: {A}, {B}. Pop:",0.0,0.0,5.841255187988281e-06,0.0,-20.25,-28.1875
purple,green,"Stack: {A}, {B}. Pop:",0.0,0.0,1.6689300537109375e-06,0.0,-20.671875,-29.953125
purple,yellow,"Stack: {A}, {B}. Pop:",0.0,0.0,1.9073486328125e-06,0.0,-18.84375,-25.46875
red,blue,"Queue: {A}, {B}. Next:",0.0,0.0,1.0609626770019531e-05,1.1920928955078125e-07,-17.484375,-19.4375
red,green,"Queue: {A}, {B}. Next:",0.0,0.0,1.3113021850585938e-06,0.0,-20.15625,-27.625
red,yellow,"Queue: {A}, {B}. Next:",0.0,0.0,5.960464477539063e-08,0.0,-23.25,-24.765625
red,purple,"Queue: {A}, {B}. Next:",0.0,0.0,0.0,0.0,-27.9375,-26.453125
blue,red,"Queue: {A}, {B}. Next:",2.4437904357910156e-06,0.0,2.473592758178711e-05,1.1920928955078125e-06,-12.9296875,-19.1875
blue,green,"Queue: {A}, {B}. Next:",0.0,0.0,5.960464477539063e-08,0.0,-20.3125,-30.546875
blue,yellow,"Queue: {A}, {B}. Next:",0.0,0.0,0.0,0.0,-22.90625,-26.375
blue,purple,"Queue: {A}, {B}. Next:",0.0,0.0,0.0,0.0,-27.65625,-27.390625
green,red,"Queue: {A}, {B}. Next:",0.0,0.0,2.384185791015625e-07,5.960464477539062e-07,-17.359375,-20.578125
green,blue,"Queue: {A}, {B}. Next:",0.0,0.0,0.0,0.0,-19.703125,-23.6875
green,yellow,"Queue: {A}, {B}. Next:",0.0,0.0,0.0,0.0,-27.71875,-26.1875
green,purple,"Queue: {A}, {B}. Next:",0.0,0.0,0.0,0.0,-28.78125,-25.4375
yellow,red,"Queue: {A}, {B}. Next:",3.7550926208496094e-06,0.0,3.2842159271240234e-05,5.960464477539063e-08,-12.4921875,-23.5
yellow,blue,"Queue: {A}, {B}. Next:",0.0,0.0,4.76837158203125e-07,0.0,-17.421875,-26.390625
yellow,green,"Queue: {A}, {B}. Next:",0.0,0.0,2.384185791015625e-07,0.0,-18.078125,-33.84375
yellow,purple,"Queue: {A}, {B}. Next:",0.0,0.0,0.0,0.0,-22.265625,-26.109375
purple,red,"Queue: {A}, {B}. Next:",0.0,0.0,0.0,0.0,-19.578125,-29.296875
purple,blue,"Queue: {A}, {B}. Next:",0.0,0.0,0.0,0.0,-21.40625,-28.828125
purple,green,"Queue: {A}, {B}. Next:",0.0,0.0,0.0,0.0,-22.78125,-37.09375
purple,yellow,"Queue: {A}, {B}. Next:",0.0,0.0,0.0,0.0,-23.5,-29.203125
red,blue,Environment: {A} or {B}. Set:,0.0,0.0,0.0,0.0,-31.515625,-32.4375
red,green,Environment: {A} or {B}. Set:,0.0,0.0,0.0,0.0,-31.96875,-35.5
red,yellow,Environment: {A} or {B}. Set:,0.0,0.0,0.0,0.0,-33.65625,-35.8125
red,purple,Environment: {A} or {B}. Set:,0.0,0.0,0.0,0.0,-31.765625,-33.71875
blue,red,Environment: {A} or {B}. Set:,0.0,0.0,0.0,0.0,-25.25,-33.9375
blue,green,Environment: {A} or {B}. Set:,0.0,0.0,0.0,0.0,-25.171875,-32.34375
blue,yellow,Environment: {A} or {B}. Set:,0.0,0.0,0.0,0.0,-25.78125,-27.625
blue,purple,Environment: {A} or {B}. Set:,0.0,0.0,0.0,0.0,-25.515625,-32.28125
green,red,Environment: {A} or {B}. Set:,0.0,0.0,0.0,0.0,-28.90625,-36.46875
green,blue,Environment: {A} or {B}. Set:,0.0,0.0,0.0,0.0,-26.328125,-28.46875
green,yellow,Environment: {A} or {B}. Set:,0.0,0.0,0.0,0.0,-29.171875,-31.875
green,purple,Environment: {A} or {B}. Set:,0.0,0.0,0.0,0.0,-27.78125,-33.375
yellow,red,Environment: {A} or {B}. Set:,0.0,0.0,0.0,0.0,-29.09375,-37.46875
yellow,blue,Environment: {A} or {B}. Set:,0.0,0.0,0.0,0.0,-24.75,-29.421875
yellow,green,Environment: {A} or {B}. Set:,0.0,0.0,0.0,0.0,-26.890625,-35.0625
yellow,purple,Environment: {A} or {B}. Set:,0.0,0.0,0.0,0.0,-26.109375,-33.28125
purple,red,Environment: {A} or {B}. Set:,0.0,0.0,0.0,0.0,-30.328125,-38.15625
purple,blue,Environment: {A} or {B}. Set:,0.0,0.0,0.0,0.0,-28.265625,-33.5
purple,green,Environment: {A} or {B}. Set:,0.0,0.0,0.0,0.0,-28.09375,-35.78125
purple,yellow,Environment: {A} or {B}. Set:,0.0,0.0,0.0,0.0,-29.390625,-34.25
red,blue,Profile: {A} / {B}. Active:,0.0,0.0,0.0,0.0,-30.84375,-36.65625
red,green,Profile: {A} / {B}. Active:,0.0,0.0,0.0,0.0,-29.71875,-36.5
red,yellow,Profile: {A} / {B}. Active:,0.0,0.0,0.0,0.0,-33.34375,-35.34375
red,purple,Profile: {A} / {B}. Active:,0.0,0.0,0.0,0.0,-29.015625,-32.1875
blue,red,Profile: {A} / {B}. Active:,0.0,0.0,0.0,0.0,-28.28125,-38.46875
blue,green,Profile: {A} / {B}. Active:,0.0,0.0,0.0,0.0,-25.28125,-37.25
blue,yellow,Profile: {A} / {B}. Active:,0.0,0.0,0.0,0.0,-28.859375,-35.59375
blue,purple,Profile: {A} / {B}. Active:,0.0,0.0,0.0,0.0,-25.09375,-31.921875
green,red,Profile: {A} / {B}. Active:,0.0,0.0,0.0,0.0,-26.578125,-38.28125
green,blue,Profile: {A} / {B}. Active:,0.0,0.0,0.0,0.0,-28.515625,-36.65625
green,yellow,Profile: {A} / {B}. Active:,0.0,0.0,0.0,0.0,-29.9375,-36.3125
green,purple,Profile: {A} / {B}. Active:,0.0,0.0,0.0,0.0,-26.953125,-34.5625
yellow,red,Profile: {A} / {B}. Active:,0.0,0.0,0.0,0.0,-25.75,-37.8125
yellow,blue,Profile: {A} / {B}. Active:,0.0,0.0,0.0,0.0,-25.984375,-37.125
yellow,green,Profile: {A} / {B}. Active:,0.0,0.0,0.0,0.0,-26.1875,-37.8125
yellow,purple,Profile: {A} / {B}. Active:,0.0,0.0,0.0,0.0,-23.25,-32.9375
purple,red,Profile: {A} / {B}. Active:,0.0,0.0,0.0,0.0,-25.71875,-37.875
purple,blue,Profile: {A} / {B}. Active:,0.0,0.0,0.0,0.0,-25.71875,-35.0
purple,green,Profile: {A} / {B}. Active:,0.0,0.0,0.0,0.0,-25.375,-37.6875
purple,yellow,Profile: {A} / {B}. Active:,0.0,0.0,0.0,0.0,-25.75,-34.125
red,blue,Status: {A} vs {B}. Final:,0.0,0.0,0.0,0.0,-25.65625,-33.625
red,green,Status: {A} vs {B}. Final:,0.0,0.0,0.0,0.0,-29.09375,-36.0625
red,yellow,Status: {A} vs {B}. Final:,0.0,0.0,0.0,0.0,-31.328125,-34.75
red,purple,Status: {A} vs {B}. Final:,0.0,0.0,0.0,0.0,-27.84375,-31.6875
blue,red,Status: {A} vs {B}. Final:,0.0,0.0,0.0,0.0,-24.890625,-34.96875
blue,green,Status: {A} vs {B}. Final:,0.0,0.0,0.0,0.0,-23.640625,-35.40625
blue,yellow,Status: {A} vs {B}. Final:,0.0,0.0,0.0,0.0,-26.75,-34.25
blue,purple,Status: {A} vs {B}. Final:,0.0,0.0,0.0,0.0,-21.171875,-30.828125
green,red,Status: {A} vs {B}. Final:,0.0,0.0,0.0,0.0,-24.234375,-36.40625
green,blue,Status: {A} vs {B}. Final:,0.0,0.0,0.0,0.0,-24.265625,-32.65625
green,yellow,Status: {A} vs {B}. Final:,0.0,0.0,0.0,0.0,-24.921875,-32.40625
green,purple,Status: {A} vs {B}. Final:,0.0,0.0,0.0,0.0,-24.28125,-32.625
yellow,red,Status: {A} vs {B}. Final:,0.0,0.0,0.0,0.0,-25.84375,-37.625
yellow,blue,Status: {A} vs {B}. Final:,0.0,0.0,0.0,0.0,-25.25,-36.0625
yellow,green,Status: {A} vs {B}. Final:,0.0,0.0,0.0,0.0,-25.8125,-35.21875
yellow,purple,Status: {A} vs {B}. Final:,0.0,0.0,0.0,0.0,-24.640625,-33.65625
purple,red,Status: {A} vs {B}. Final:,0.0,0.0,0.0,0.0,-18.6875,-35.3125
purple,blue,Status: {A} vs {B}. Final:,0.0,0.0,0.0,0.0,-18.84375,-31.671875
purple,green,Status: {A} vs {B}. Final:,0.0,0.0,0.0,0.0,-20.84375,-34.875
purple,yellow,Status: {A} vs {B}. Final:,0.0,0.0,0.0,0.0,-21.640625,-34.4375
